,제목,본문,링크,조회수,좋아요,댓글,작성시간,휴식과의 유사도,운동과의 유사도,점심시간과의 유사도,감정
0,저번에 들어온지 6개월된 사원,중소기업다니는데 그 사원이  담당 사수 없어서 1시간 40분 정도 자리비운거야 담배도 안피고 쉬는 타임 별로 없는거 알겠는데 그냥 조금 씩 조금씩 쉬는건 안되나? 과장이 전화하라고 나한테 말하는데 분위기 무서워서 동기한테 대신하라고 시켰다 ㅎ 너희는 사원이 한번에 1시간 40분 쉬고 너희가 직급이 있고 옆에서 일하고있는데  오랫동안 안오면 뭐라할꺼야?,https://www.teamblind.com/kr/post/%EC%A0%80%EB%B2%88%EC%97%90-%EB%93%A4%EC%96%B4%EC%98%A8%EC%A7%80-6%EA%B0%9C%EC%9B%94%EB%90%9C-%EC%82%AC%EC%9B%90-p2J1VDDv,조회수282,좋아요2,댓글26,작성시간2022.11.11.,0.622069011,0.648509723,0.54354529,negative
1,퇴근후 자전거 3시간 72키로 완료,운동도 했으니 1시간 정도 멍때리기 한후에 불금 맞이 꿀잠 자야겠다 운동은 정말 좋은 에너지다,https://www.teamblind.com/kr/post/%ED%87%B4%EA%B7%BC%ED%9B%84-%EC%9E%90%EC%A0%84%EA%B1%B0-3%EC%8B%9C%EA%B0%84-72%ED%82%A4%EB%A1%9C-%EC%99%84%EB%A3%8C-Oe2KYMAu,조회수195,좋아요2,댓글17,작성시간2019.02.21.,0.624685144,0.627555218,0.477788848,positive
2,만취 상태에서 퍽치기(뻑치기)..를 당한 것 같아요..,"1월 7일에 지인과 신논현역 3번출구 쪽 먹자골목(?) 근처에서 술을 마시고, 저녁 11시 쯤에 헤어졌는데요...  택시를 타려고 신논현역 지하철역에서 3번 출구 쪽으로 올라왔던 것 같습니다.  술을 많이 마신상태라 지인이랑 헤어진 건 기억이 나는데 그 후로 기억이 나질 않는데, 어느 순간 기억을 잃고 일어나보니 제가 갖고있는 가방이나 휴대폰 차키 등 소지품은 하나도 없고(심지어 남성 코트도 가져감) 반팔 차림에 온 몸에 멍 투성이 + 앞니가 깨짐 + 갈비뼈 골절 + 뒷통수에 강한 충격을 받았는지 뇌출혈 증상도 있네요. 현재는 입원",https://www.teamblind.com/kr/post/%EB%A7%8C%EC%B7%A8-%EC%83%81%ED%83%9C%EC%97%90%EC%84%9C-%ED%8D%BD%EC%B9%98%EA%B8%B0%EB%BB%91%EC%B9%98%EA%B8%B0%EB%A5%BC-%EB%8B%B9%ED%95%9C-%EA%B2%83-%EA%B0%99%EC%95%84%EC%9A%94-WNHnf2iN,"조회수1,363",좋아요2,댓글13,작성시간2020.01.10.,0.612231305,0.624985825,0.445174037,negative
3,점심 쉬는시간이ㅜ너무 좋다,온전한 휴식시간,https://www.teamblind.com/kr/post/%EC%A0%90%EC%8B%AC-%EC%89%AC%EB%8A%94%EC%8B%9C%EA%B0%84%EC%9D%B4%E3%85%9C%EB%84%88%EB%AC%B4-%EC%A2%8B%EB%8B%A4-mJfHh2sL,조회수19,좋아요좋아요,댓글1,작성시간2022.01.24.,0.719175853,0.645416842,0.533165377,neutral
4,세트간 쉬는시간을 줄이는것만으로도,유산소 효과가 날까?  국종이형 운동영상보면 유산소 안하는대신 세트간 휴식시간 줄인다는데  국종이형 데피보면 유산소효과 확실히 있어보이긴 함  이 글을 쓰는 이유는 유산소 죤내 하기 싫어서 답정너 하는거임 하하하하하하 오늘부터 무산소 휴식 20초 올인 간다,https://www.teamblind.com/kr/post/%EC%84%B8%ED%8A%B8%EA%B0%84-%EC%89%AC%EB%8A%94%EC%8B%9C%EA%B0%84%EC%9D%84-%EC%A4%84%EC%9D%B4%EB%8A%94%EA%B2%83%EB%A7%8C%EC%9C%BC%EB%A1%9C%EB%8F%84-Y1ckxoOS,조회수342,좋아요좋아요,댓글8,작성시간2021.07.06.,0.624623498,0.550381943,0.47551129,negative
5,asml cs 야간 근무강도,2교대 기준 식사시간 1:30분 빼고 나머지 풀로 일하나요?  중간에 쉬는 시간 없나요? 실제 맨파워 꽉꽉 채우는지..,https://www.teamblind.com/kr/post/asml-cs-%EC%95%BC%EA%B0%84-%EA%B7%BC%EB%AC%B4%EA%B0%95%EB%8F%84-B4nEb7V8,"조회수1,224",좋아요좋아요,댓글14,작성시간2022.04.17.,0.617194075,0.620130992,0.587677349,neutral
6,부업순익200넘엇다,오픈마켓 수수료 떼면 딱 200인듯 1년만에 달성...나보다 더 잘하는 사람들 있겠지만 나는 나대로 간다 이번달 목표는 매출 천  업종은 해외구매대행이고 구매대행 강의 검색하면 개많이나오니까 암거나 보고 시작하면 되고 누구나 가능 하루 2 3시간 쉬는 날엔 5 6 시간 이상 거의 매일 함,https://www.teamblind.com/kr/post/%EB%B6%80%EC%97%85%EC%88%9C%EC%9D%B5200%EB%84%98%EC%97%87%EB%8B%A4-Ne87QP3Y,조회수543,좋아요7,댓글14,작성시간03.01,0.615916904,0.615447045,0.422329586,neutral
7,너네들이면 어떤 거 선택해?,1.연봉 6000 한 달 20-21일 근무 쉬는 시간 거의 없이 8시간 근무  2.연봉 3700 한 달 14일 근무 하루 실근무 3-4시간  1에서 2로 옮겼는데 ㅁㅊ짓임?,https://www.teamblind.com/kr/post/%EB%84%88%EB%84%A4%EB%93%A4%EC%9D%B4%EB%A9%B4-%EC%96%B4%EB%96%A4-%EA%B1%B0-%EC%84%A0%ED%83%9D%ED%95%B4-3XDmrf4X,조회수239,좋아요좋아요,댓글9,작성시간02.15,0.638810001,0.610769373,0.383574933,negative
8,스쿼트 5x5를 나눠서 하면 어때요?,스쿼트 5x5하면 25회 반복이니까  스쿼트 1x25로 바뀨면 어때?  중량은 3rm 정도 되는 무게고 쉬는 시간은 10-20초 내외임,https://www.teamblind.com/kr/post/%EC%8A%A4%EC%BF%BC%ED%8A%B8-5x5%EB%A5%BC-%EB%82%98%EB%88%A0%EC%84%9C-%ED%95%98%EB%A9%B4-%EC%96%B4%EB%95%8C%EC%9A%94-ZnGNw8qv,조회수129,좋아요좋아요,댓글11,작성시간5일,0.649649061,0.634116379,0.404683712,neutral
9,너네들이면 뭐 선택해?,1.연봉 6000 한 달 20-21일 근무 쉬는 시간 거의 없이 8시간 근무  2.연봉 3700 한 달 14일 근무 하루 실근무 3-4시간  1에서 2로 옮겼는데 ㅁㅊ짓임?,https://www.teamblind.com/kr/post/%EB%84%88%EB%84%A4%EB%93%A4%EC%9D%B4%EB%A9%B4-%EB%AD%90-%EC%84%A0%ED%83%9D%ED%95%B4-FJUQpKi1,조회수219,좋아요좋아요,댓글12,작성시간02.15,0.638810001,0.610769373,0.383574933,negative
10,코레일 차량직 교대 근무시간이 궁금합니다,주간이랑 야간 근무시간이랑 밥시간 포함 쉬는 시간 어느정도 되는지도 궁굼합니다.,https://www.teamblind.com/kr/post/%EC%BD%94%EB%A0%88%EC%9D%BC-%EC%B0%A8%EB%9F%89%EC%A7%81-%EA%B5%90%EB%8C%80-%EA%B7%BC%EB%AC%B4%EC%8B%9C%EA%B0%84%EC%9D%B4-%EA%B6%81%EA%B8%88%ED%95%A9%EB%8B%88%EB%8B%A4-htUTqm8k,"조회수1,247",좋아요좋아요,댓글5,작성시간2019.03.16.,0.602540036,0.632236057,0.598371597,neutral
11,이정도면 워라밸 굳?,"1년에 4개월정도는 엄청 바쁨  주말없이 거의 매일 출근해서 12시간-16시간 일함(쉬는시간, 화장실가는시간 다합쳐도 30분도 안됨)  5개월은 8-9시간 적당히 쉬는시간 가지면서 일할 수 있음  나머지 3개월은 주 40시간 채우는게 힘들정도로 널널함",https://www.teamblind.com/kr/post/%EC%9D%B4%EC%A0%95%EB%8F%84%EB%A9%B4-%EC%9B%8C%EB%9D%BC%EB%B0%B8-%EA%B5%B3-vGFiz6b7,조회수307,좋아요1,댓글7,작성시간2022.09.05.,0.628918465,0.583304737,0.382671177,neutral
12,"7시간 근무 업무강도 상 vs 9시간 근무 업무강도 중하
        투표",7시간 근무는 업무강도 상 7시간 중에 실근무 시간 6시간 이상  항상 바쁨  화장실 다녀오는시간 빼곤 못쉼 점심시간 30분  9시간 근무는 바쁠땐 바쁜데 널널  실근무 시간 4-5시간 한가한 날은 3시간 이하 8시출근 점심시간 1시간  연봉 같으면 뭐할거 같아??,https://www.teamblind.com/kr/post/7%EC%8B%9C%EA%B0%84-%EA%B7%BC%EB%AC%B4-%EC%97%85%EB%AC%B4%EA%B0%95%EB%8F%84-%EC%83%81-vs-9%EC%8B%9C%EA%B0%84-%EA%B7%BC%EB%AC%B4-%EC%97%85%EB%AC%B4%EA%B0%95%EB%8F%84-%EC%A4%91%ED%95%98-YHse7BAM,조회수224,좋아요좋아요,댓글1,작성시간02.09,0.601166614,0.616825766,0.666957587,negative
13,님들저큰일남,플랭크 사이 쉬는시간인데 쉬는시간 끝남 죽고싶다,https://www.teamblind.com/kr/post/%EB%8B%98%EB%93%A4%EC%A0%80%ED%81%B0%EC%9D%BC%EB%82%A8-oCwM8p3Q,조회수23,좋아요좋아요,댓글0,작성시간01.08,0.620837788,0.649797674,0.614680926,negative
14,이런 형들 있을까,맞벌이 애없음  나 출퇴근 지하철 왕복 3시간 와이프 자차 왕복 40분  근데 주말에 피곤해서 일요일 하루라도 쉬고 싶다는 걸 이해를 못한다. 주말 내내 돌아다녀야되고.. 집에 붙어서 쉬는 걸 용납을 못해줘  하루 2시간 차이면 1년이면 400시간 약 17일의 근무일 수 차이가 있는건데 이해를 못해준다 답답하다,https://www.teamblind.com/kr/post/%EC%9D%B4%EB%9F%B0-%ED%98%95%EB%93%A4-%EC%9E%88%EC%9D%84%EA%B9%8C-kSUBCbbn,"조회수1,363",좋아요좋아요,댓글33,작성시간2021.06.04.,0.604852033,0.627107741,0.558643762,negative
15,아 이오데 개싫어 진짜...,이오데 연속 2번이야.  쉬는게 쉬는 것 같지가 않다 벌써 출근시간까지 8시간 남았다 생각하니까  개빡침,https://www.teamblind.com/kr/post/%EC%95%84-%EC%9D%B4%EC%98%A4%EB%8D%B0-%EA%B0%9C%EC%8B%AB%EC%96%B4-%EC%A7%84%EC%A7%9C-NfUzyQUS,조회수335,좋아요1,댓글10,작성시간2021.02.14.,0.628245544,0.57310991,0.456162256,negative
16,다들 주 평균 근무 시간이 어떻게 됌?,쉬는시간 식사시간 제외한 총 근무시간(그중 노는시간) 적어 주라 난 37(5)시간 정도,https://www.teamblind.com/kr/post/%EB%8B%A4%EB%93%A4-%EC%A3%BC-%ED%8F%89%EA%B7%A0-%EA%B7%BC%EB%AC%B4-%EC%8B%9C%EA%B0%84%EC%9D%B4-%EC%96%B4%EB%96%BB%EA%B2%8C-%EB%90%8C-NkCDSECx,조회수163,좋아요2,댓글8,작성시간2021.08.17.,0.625015674,0.636846771,0.496617391,neutral
17,"무인도근무, 초봉3600, 업무강도 최하,5년후 본사발령",본사는 서울 근무지에서 육지까지나오는데 통통배타고 2시간 걸림 하루 일과는 거의 1시간이면 끝남. 대신 명절이나 공휴일때 못쉬고 비번때 쉬어야함. 집은 회사에서 섬안에 사택지어줌. 업무 1시간하고 집에서 하루종일 놀아도됨 인터넷 전기 수도 다 들어옴 고용안정보장(업력 30년넘은 공공기관) 이조건이면 할래?,https://www.teamblind.com/kr/post/%EB%AC%B4%EC%9D%B8%EB%8F%84%EA%B7%BC%EB%AC%B4-%EC%B4%88%EB%B4%893600-%EC%97%85%EB%AC%B4%EA%B0%95%EB%8F%84-%EC%B5%9C%ED%95%985%EB%85%84%ED%9B%84-%EB%B3%B8%EC%82%AC%EB%B0%9C%EB%A0%B9-ojRkm7w1,"조회수1,840",좋아요3,댓글41,작성시간2017.10.22.,0.600059601,0.639114896,0.563111938,neutral
18,간호사는 왜 주야비 안해?,하루 3직제 돌리면 쉬는날 없이 매일 8시간씩 일하는거임???,https://www.teamblind.com/kr/post/%EA%B0%84%ED%98%B8%EC%82%AC%EB%8A%94-%EC%99%9C-%EC%A3%BC%EC%95%BC%EB%B9%84-%EC%95%88%ED%95%B4-PtJXrTJq,조회수119,좋아요좋아요,댓글6,작성시간2022.12.26.,0.607174436,0.642273458,0.441568491,neutral
19,퇴사하는게 맞는건가,"최근 2~3개월동안 최소 주 6일 / 일 평균 12시간 근무 (주말), 포괄임금 (대체휴가), 대휴쓸 시간없음, 그나마 쉬는날에도 집에서 일하고있음.  앞으로 최소 1달은 계속 이럴거같은데 재미도 없고 힘만 들고 이직 말고 그냥 좀 쉬고싶은데 조언좀",https://www.teamblind.com/kr/post/%ED%87%B4%EC%82%AC%ED%95%98%EB%8A%94%EA%B2%8C-%EB%A7%9E%EB%8A%94%EA%B1%B4%EA%B0%80-n6pFazMM,조회수346,좋아요2,댓글13,작성시간2022.08.14.,0.619278678,0.585584158,0.372299835,negative
20,주말 하루종일 자는데 정상임?,"16시간씩 잠 이틀 쉬면 하루는 저 정도 잠, 많을땐 20시간도 자봄. 정상?",https://www.teamblind.com/kr/post/%EC%A3%BC%EB%A7%90-%ED%95%98%EB%A3%A8%EC%A2%85%EC%9D%BC-%EC%9E%90%EB%8A%94%EB%8D%B0-%EC%A0%95%EC%83%81%EC%9E%84-J0ujhYpe,조회수183,좋아요1,댓글15,작성시간2022.01.09.,0.619474592,0.559093812,0.403030087,neutral
21,"자율성과 절대시간
        투표","다음 중에 어떤게 더 낫냐  1. 자유롭게 주 70시간 근무   자유롭게의 의미는 100% 자율. 출퇴근 시간 맘대로. 중간에 자리비우고 싶으면 이유불문 비워도 되고 헬스클럽 카페 사우나 등등 아무데나 갔다와도 됨. 조기퇴근, 낮술, 사람만나는거 내 의지대로 조절 가능 낮에 놀고 밤에 일해도됨 단 주 통산 70시간 일해야 주어진 일 다할 수 있음. 일요일, 공휴일은 쉬는 조건이며, 쉬어도 80시간 채워야 함.  2. 고정근무시간 주45시간 주 5일  9to7  고정 근무. 일반적인 회사생활. 쉬고 싶으면 연차휴가 내야 함. 병원이나",https://www.teamblind.com/kr/post/%EC%9E%90%EC%9C%A8%EC%84%B1%EA%B3%BC-%EC%A0%88%EB%8C%80%EC%8B%9C%EA%B0%84-G5Zcr1qi,조회수47,좋아요좋아요,댓글3,작성시간03.15,0.618102136,0.599814446,0.397584586,neutral
22,20세트정도하면,대략 한시간 걸리는것 같은데 비슷한가유?  쉬는시간 1분 30초 정도로 합니당,https://www.teamblind.com/kr/post/20%EC%84%B8%ED%8A%B8%EC%A0%95%EB%8F%84%ED%95%98%EB%A9%B4-oWvkcszO,조회수102,좋아요좋아요,댓글2,작성시간2022.06.22.,0.60821529,0.603167284,0.49946975,neutral
23,24살 헬린이 루틴 바꿔보려는데 추천좀,월 가슴 어깨  화 등 팔 수 하체 목 가슴 어깨 금 등 팔 토일 쉬거나 깔짝깔짝 합니다 원래 두시간정도 하는데 취업하고 운동할시간이 없어서 5x5로 빨리 조지는데 별로인거같아서요 시간대비 효율 좋게 뽑는 루틴 추천좀요 ,https://www.teamblind.com/kr/post/24%EC%82%B4-%ED%97%AC%EB%A6%B0%EC%9D%B4-%EB%A3%A8%ED%8B%B4-%EB%B0%94%EA%BF%94%EB%B3%B4%EB%A0%A4%EB%8A%94%EB%8D%B0-%EC%B6%94%EC%B2%9C%EC%A2%80-rHkhTGJ8,조회수747,좋아요1,댓글12,작성시간2021.12.17.,0.608235558,0.631998473,0.298963683,negative
24,피부과 치료 받아서 운동 한주 금지인데,집에서 에어컨 키고 쉬는시간 길게 가져가면서 불가할까??,https://www.teamblind.com/kr/post/%ED%94%BC%EB%B6%80%EA%B3%BC-%EC%B9%98%EB%A3%8C-%EB%B0%9B%EC%95%84%EC%84%9C-%EC%9A%B4%EB%8F%99-%ED%95%9C%EC%A3%BC-%EA%B8%88%EC%A7%80%EC%9D%B8%EB%8D%B0-2zSyUYCm,조회수86,좋아요좋아요,댓글3,작성시간2022.11.09.,0.619344007,0.641839925,0.667836366,neutral
25,점심 먹기전 회사 복지 자랑 타임,"마음껏 자랑 해주세여!!!!!!!!!!!
색다른 복지 있나여!!!!!!!!!!

좋은거 있으면 모방 하려구여
일단 저는

야근 없음
점심시간 1시간 30분",https://www.teamblind.com/kr/post/%EC%A0%90%EC%8B%AC-%EB%A8%B9%EA%B8%B0%EC%A0%84-%ED%9A%8C%EC%82%AC-%EB%B3%B5%EC%A7%80-%EC%9E%90%EB%9E%91-%ED%83%80%EC%9E%84-xN0vuweN,,,,,0.614738675,0.621806491,0.634260077,positive
26,공무원 군인 형들 연봉이야기할때 야근 초근수당은 빼고 이야기하자.,"그거 포함 연봉이면,

저녁에 대리뛰는것도 인정해줘야돼.

(소방, 경찰 3교대는 그만한 휴식주니까 제외)

주5일 하루 8시간기준으로 연봉 털자

ㅡㅡㅡㅡㅡㅡㅡㅡㅡ

하루 9시간(점심1시간) + 5시간 초과(저녁1시간 삭감)

총 14시간일하면서 8시간 칼퇴 연봉 이긴다하면

좀 그렇지 않나

ㅡㅡㅡㅡㅡㅡㅡ

요즘 가라초과 왠만한 곳은 못찍음.


ㅡㅡㅡㅡㅡㅡㅡ

마라톤으로 치면

8시간동안 300키로 뛴애한테

14시간동안 300키로 뛴애가 너랑 나랑 같다라고 하는게

안맞는거 같아서.",https://www.teamblind.com/kr/post/%EA%B3%B5%EB%AC%B4%EC%9B%90-%EA%B5%B0%EC%9D%B8-%ED%98%95%EB%93%A4-%EC%97%B0%EB%B4%89%EC%9D%B4%EC%95%BC%EA%B8%B0%ED%95%A0%EB%95%8C-%EC%95%BC%EA%B7%BC-%EC%B4%88%EA%B7%BC%EC%88%98%EB%8B%B9%EC%9D%80-%EB%B9%BC%EA%B3%A0-%EC%9D%B4%EC%95%BC%EA%B8%B0%ED%95%98%EC%9E%90-its5k2UO,,,,,0.604895732,0.626317195,0.377567111,negative
27,단순 계산을 해 보았다,"교대패턴
주주 야야 비휴
기본 근무시간 9시간
주간 점심시간 1시간
야간 휴게시간 5시간
한 당무에
근무시간 9*4 = 36시간
점심시간 1*2 = 2시간
야간휴게 5*2 = 10시간

6일 동안 총 48시간 회사에 잡혀있다.

1주일이 주주야야비휴주 인 경우

7일 동안 총 58시간 회사에 잡혀있다.

반면 9 to 6의 경우 야근이 없다면

근무시간 8시간
점심시간 1시간

7일 동안 총 45시간 회사에 잡혀있다.

자 이래도 우리의 자랑이 워라밸인가..?",https://www.teamblind.com/kr/post/%EB%8B%A8%EC%88%9C-%EA%B3%84%EC%82%B0%EC%9D%84-%ED%95%B4-%EB%B3%B4%EC%95%98%EB%8B%A4-UAPOSpX8,,,,,0.606488582,0.594274885,0.482548872,negative
28,건설회사 주52제 현실,"주40시간 근무 건설업 실태를 알려드립니다

06시 30분에 사무실에 들어와
근무시작을 누르면 07시 부타 근무기록 된다고 알림이 뜹니다.
지금시간을 출근으로 찍을려면 팀장 결재 받으랍니다.

6시 50분 체조 준비를 하고 현장을 돕니다.
근무중에 쉬는 시간이 30분이 있는데
멈출수 없는 작업 혹은 위험작업으로 빨리 종료해야할 경우 작압이 지속되니 돌아가는니 쉴수가 없습니다.

11시 30분~1시까지 점심시간입니다. 함바식당 다녀오면 12시도 안됩니다. 점심시간이 1시간 30분인 이유를 모르겠습니다.

오후 근무중에도 30분의 쉬는시간이 있고 위와같은 식으로 1시간 근무를 연장 시킵니다.

4시반~5시가되면 야간 작업자 빼고 다들 철수하기 시작합니다. 하지만 저녁6시 10분 pc가 잠깁니다 공식적인 퇴근시간이 됩니다.

컴퓨터가 잠기면 부서원이 대다수 들어와 있으니 회의를 합니다
저녁7시 협력사 소장들이 사무실에 들어와 내일 작업에 대해 이야기 합니다.
출근한지 12시간이 넘었지만 퇴근할려고 근무종료를 신청합니다.
18시 10분에 퇴근한걸로 기록됩니다.
오늘도 9시간 10분 근무만 인정됩니다.

주52시간? 사실상 근무시간 개선은 없고
불법으로 근무기록을 통재합니다
최저임금제에 맞추어 수당은 줄고 기본급이 늘었습니다.

노동청 실사가 필요해 보입니다",https://www.teamblind.com/kr/post/%EA%B1%B4%EC%84%A4%ED%9A%8C%EC%82%AC-%EC%A3%BC52%EC%A0%9C-%ED%98%84%EC%8B%A4-FYRu2yG1,,,,,0.607864073,0.637839936,0.54471217,negative
29,이직 고민,"하루 9시간근무 VS 하루 9시간 (점심 한시간 포함)
삼교대 09:00-18:00
빡셈.(정규)/전공. 사무직 (계약)/ 비전공
월 400 월 316",https://www.teamblind.com/kr/post/%EC%9D%B4%EC%A7%81-%EA%B3%A0%EB%AF%BC-YhOWwyYX,,,,,0.623611114,0.62853651,0.360186077,neutral
30,주 5일 빡세게 운동하면 새벽에 깨는일 없을까?,"주 3일 1시간씩 수영하는데
상급반이라 뺑뺑이만 도는데

매일 새벽에 깨어서 여기 기욱거리고 있어

매일 1~2시간씩 말이야

미치겠네 매일 새벽에 눈떠지고

점심시간에 1시간씩 걷기도 하는데

주 3일 수영에서 매일 주 5일 수영으로 바꾸면 안깨고 잠 잘수 있을까?

매일 점심시간에 헬스도 해보는게 좋을지

미치겠당",https://www.teamblind.com/kr/post/%EC%A3%BC-5%EC%9D%BC-%EB%B9%A1%EC%84%B8%EA%B2%8C-%EC%9A%B4%EB%8F%99%ED%95%98%EB%A9%B4-%EC%83%88%EB%B2%BD%EC%97%90-%EA%B9%A8%EB%8A%94%EC%9D%BC-%EC%97%86%EC%9D%84%EA%B9%8C-VXE87U2f,,,,,0.609510305,0.645174181,0.384014337,negative
31,주 52시간 및 인사 처우문제,"1. 주 52시간 규정제도 만든후, 근무시간 관리
오전 오후 15분씩 강제 휴식 시간 입력 후 공제 (30분)
점심시간 1시간 반 적용 - 실제는 1시간 휴식 (30분)
저녁시간 1시간 입력하여 근무시간 공제 (1시간)

결론 : 근무시간 07:00 - 20:00 (12시간)
실제 근무 인식 시간 10시간

매일 2시간씩 무료근무 중

2. 코로나19 로 인한 자가격리
국내 휴가차 입국 후 자가격리 14일 기본급만지급 (월급 차감)
확진 시 퇴사처리

3. 사내 코로나 상황실 운영
전부 음성, 현장 양성자 미공개 (사망자도 발생)

4. 휴가 보상
해외 휴가 미사용 보상은 기본급만 산정(해외 수당 미산정)

5. 본사 인사담당 부서 특징
현장 골라가기, 빠른 진급, 본사 원팀 복귀 보장

어디 회사일까?",https://www.teamblind.com/kr/post/%EC%A3%BC-52%EC%8B%9C%EA%B0%84-%EB%B0%8F-%EC%9D%B8%EC%82%AC-%EC%B2%98%EC%9A%B0%EB%AC%B8%EC%A0%9C-W8n5BbcD,,,,,0.607379018,0.598576942,0.472936125,neutral
32,출근해서 오롯이 일만 하는 시간 하루에 몇시간이에요?,"9시간 중
점심시간 빼고
8시간 중에서요

커피 마시고
개인 전화하고
인터넷 쇼핑
노가리
휴식
이런시간 다빼고
일만요",https://www.teamblind.com/kr/post/%EC%B6%9C%EA%B7%BC%ED%95%B4%EC%84%9C-%EC%98%A4%EB%A1%AF%EC%9D%B4-%EC%9D%BC%EB%A7%8C-%ED%95%98%EB%8A%94-%EC%8B%9C%EA%B0%84-%ED%95%98%EB%A3%A8%EC%97%90-%EB%AA%87%EC%8B%9C%EA%B0%84%EC%9D%B4%EC%97%90%EC%9A%94-6zEfCnnd,,,,,0.678557478,0.641057086,0.657747762,neutral
33,점심운동,"1년정도 헬스하다가
곧있음 와이프 출산에 육아 생각하면
저녁운동은 불가능할 것 같아서
오늘부터 점심운동 처음 시작했는데

1. 일단 점심을 거르게 되서 허기지고
2. 오후에 갑자기 피로도 급상승
3. 운동 시간은 1시간 10분 정도

이거 계속 할 수 있을까?ㅠㅠ
대안이나 괜찮은 팁 있으면 추천좀 부탁해 형들!",https://www.teamblind.com/kr/post/%EC%A0%90%EC%8B%AC%EC%9A%B4%EB%8F%99-R8U0r5Jm,,,,,0.623926522,0.586867843,0.435756222,negative
34,점심시간 40분 남았어,참고로 출근해서 한 일 없음,https://www.teamblind.com/kr/post/%EC%A0%90%EC%8B%AC%EC%8B%9C%EA%B0%84-40%EB%B6%84-%EB%82%A8%EC%95%98%EC%96%B4-j3jzB25F,,,,,0.622604585,0.582572214,0.303279856,neutral
35,"매주 교회가서 시부모랑 1시간 예배드리기(크리스마그 포함) + 교회 점심 같이 먹기  vs  설/추석/기일 시댁 고향가서 하루 자고 제사 지내기
        투표","교회는 왕복 1시간
시댁 고향은 명절 기준 왕복 6시간",https://www.teamblind.com/kr/post/%EB%A7%A4%EC%A3%BC-%EA%B5%90%ED%9A%8C%EA%B0%80%EC%84%9C-%EC%8B%9C%EB%B6%80%EB%AA%A8%EB%9E%91-1%EC%8B%9C%EA%B0%84-%EC%98%88%EB%B0%B0%EB%93%9C%EB%A6%AC%EA%B8%B0%ED%81%AC%EB%A6%AC%EC%8A%A4%EB%A7%88%EA%B7%B8-%ED%8F%AC%ED%95%A8-%EA%B5%90%ED%9A%8C-%EC%A0%90%EC%8B%AC-%EA%B0%99%EC%9D%B4-%EB%A8%B9%EA%B8%B0-vs-%EC%84%A4%EC%B6%94%EC%84%9D%EA%B8%B0%EC%9D%BC-%EC%8B%9C%EB%8C%81-%EA%B3%A0%ED%96%A5%EA%B0%80%EC%84%9C-%ED%95%98%EB%A3%A8-%EC%9E%90%EA%B3%A0-%EC%A0%9C%EC%82%AC-%EC%A7%80%EB%82%B4%EA%B8%B0-PCRZYJaY,,,,,0.60195416,0.620284667,0.441527003,neutral
36,"근무 시간 취향 조사 해봅니다 유연 근무제 실시 예정
        투표","야근 없고
점심시간 1시간
감사합니다",https://www.teamblind.com/kr/post/%EA%B7%BC%EB%AC%B4-%EC%8B%9C%EA%B0%84-%EC%B7%A8%ED%96%A5-%EC%A1%B0%EC%82%AC-%ED%95%B4%EB%B4%85%EB%8B%88%EB%8B%A4-%EC%9C%A0%EC%97%B0-%EA%B7%BC%EB%AC%B4%EC%A0%9C-%EC%8B%A4%EC%8B%9C-%EC%98%88%EC%A0%95-SZVSCQXV,,,,,0.646259821,0.643627555,0.695167556,positive
37,배민 커넥트 해본 사람 있나요?,"더도 덜도 말고

하루에 딱 1시간 정도만 운동삼아 뛰면서(혹은 자전거)

점심시간이나 피크 타임만 딱 뛰어주면

얼마나 벌 수 있나요?",https://www.teamblind.com/kr/post/%EB%B0%B0%EB%AF%BC-%EC%BB%A4%EB%84%A5%ED%8A%B8-%ED%95%B4%EB%B3%B8-%EC%82%AC%EB%9E%8C-%EC%9E%88%EB%82%98%EC%9A%94-rsB2uDAE,,,,,0.632023568,0.624060345,0.436857479,neutral
38,"연봉,월급을 시급으로 환산하면 시급 얼마짜리 회사원 인가요?점심시간 포함","시급 16,161원 나오네요
저는 일 9시간으로 계산했어요 주말 제외했구요
야근은 없어요 주 5일 일 9시간 주 45시간 근무하네요",https://www.teamblind.com/kr/post/%EC%97%B0%EB%B4%89%EC%9B%94%EA%B8%89%EC%9D%84-%EC%8B%9C%EA%B8%89%EC%9C%BC%EB%A1%9C-%ED%99%98%EC%82%B0%ED%95%98%EB%A9%B4-%EC%8B%9C%EA%B8%89-%EC%96%BC%EB%A7%88%EC%A7%9C%EB%A6%AC-%ED%9A%8C%EC%82%AC%EC%9B%90-%EC%9D%B8%EA%B0%80%EC%9A%94%EC%A0%90%EC%8B%AC%EC%8B%9C%EA%B0%84-%ED%8F%AC%ED%95%A8-Wkm43vGW,,,,,0.630986362,0.642479908,0.343536683,neutral
39,퇴근하고 운동할때,"아무 것도 안먹고 하면 운동 중에 어질어질하던데

그렇다고 뭘 먹자니 러닝하다 토할 것 같고

운동하는 시점이 점심 먹은 이후 8시간 지난 시점인데

우째야돼요?",https://www.teamblind.com/kr/post/%ED%87%B4%EA%B7%BC%ED%95%98%EA%B3%A0-%EC%9A%B4%EB%8F%99%ED%95%A0%EB%95%8C-TWMTukwO,,,,,0.619847161,0.646686872,0.479001006,negative
40,"다들 주평균 근무시간과 연봉은 어때?
        투표","영업기준 우린 일평균 10시간 + 격주 주말 6시간 근무
주 평균으로 하면 53시간 정도네.
출퇴근시간은 빼고 점심시간은 포함해서

그리고 5년차 일비 제외 세전 5300",https://www.teamblind.com/kr/post/%EB%8B%A4%EB%93%A4-%EC%A3%BC%ED%8F%89%EA%B7%A0-%EA%B7%BC%EB%AC%B4%EC%8B%9C%EA%B0%84%EA%B3%BC-%EC%97%B0%EB%B4%89%EC%9D%80-%EC%96%B4%EB%95%8C-FhL2YEmn,,,,,0.60113375,0.636100231,0.345008691,neutral
41,CFA level 3 준비기간 및 순공부시간 질문,"올해 8월말~9월초에 CBT 일정 있던데,
설 쉬고 공부 세팅한다음 2월초부터 공부하려고 합니다.

렙2까지는 학부때 스트레이트로 붙었었는데,
다만 4년간 일만 하다보니(더더욱 비기업금융을 하다보니)
공부머리가 돌머리가 된 것 같고, 또 렙2까지의 지식이 증발하여 노베이스로 시작하는거같아서 두렵긴 합니다.;;

약 6.5개월의 시간이 있을 듯 한데, 중간중간 야근하고 술자리가 넘치게되면 실질적으론 5.5-6개월이지 않을까 싶어요.

일단,
1) 평일: 가능하면 매일 일찍출근 + 점약없는날은 점심에 공부 + 저약없는날은 저녁에 공부해서
12-15시간

2) 주말: 하루는 쉬고 하루는 6-8 시간할건데, 아예 일정없는 주말은 이틀 다 적당히 해서 10-12 시간

맞춘다는 가정하면
한주에 순공부시간 평균적으로 20시간 나올 것 같고
6개월이면 520-550시간 정도 공부하게될 듯 합니다.

기합격자들이 보시기에 이정도면 공부시간/기간 충분할까요?

고견 구합니다ㅜㅜ",https://www.teamblind.com/kr/post/CFA-level-3-%EC%A4%80%EB%B9%84%EA%B8%B0%EA%B0%84-%EB%B0%8F-%EC%88%9C%EA%B3%B5%EB%B6%80%EC%8B%9C%EA%B0%84-%EC%A7%88%EB%AC%B8-FV84vpy2,,,,,0.633572526,0.619134154,0.442072141,negative
42,주 몇시간 일하세여?,"점심시간 1시간 포함 45시간 일하는데
솔직히 일 바쁘고 힘들어도
야근 없고 주말 출근 없으니까
회사 생활 할만하네여",https://www.teamblind.com/kr/post/%EC%A3%BC-%EB%AA%87%EC%8B%9C%EA%B0%84-%EC%9D%BC%ED%95%98%EC%84%B8%EC%97%AC-R4fHS25S,,,,,0.606883875,0.635546649,0.636626897,negative
43,월욜 연차 좋으다,"주말부터 하루 12시간 이상 잤네 ㅎㅎㅎ
우유사와서 시리얼 묵고
점심부터 나가서 먹어야징 눈누난나🧚",https://www.teamblind.com/kr/post/%EC%9B%94%EC%9A%9C-%EC%97%B0%EC%B0%A8-%EC%A2%8B%EC%9C%BC%EB%8B%A4-Hs4uDrwQ,,,,,0.620044206,0.644428751,0.470605792,neutral
44,요새는 평일 점심시간에 소개팅을함?,"분위기가 딱 소개팅인데

평일점심 스벅에서 소개팅을하네

이런경우는 첨인데이런경우가많나

아님둘다 연차쓴건가",https://www.teamblind.com/kr/post/%EC%9A%94%EC%83%88%EB%8A%94-%ED%8F%89%EC%9D%BC-%EC%A0%90%EC%8B%AC%EC%8B%9C%EA%B0%84%EC%97%90-%EC%86%8C%EA%B0%9C%ED%8C%85%EC%9D%84%ED%95%A8-NjwTfmRk,,,,,0.618178825,0.619936269,0.498034015,neutral
45,교회집사님이하는 카페,"교회집사님이 운영하시는걸로
추정되는카페 점심시간대는 처음와봤는데
손님들도 거의 교회분들같네
라떼 맛있당",https://www.teamblind.com/kr/post/%EA%B5%90%ED%9A%8C%EC%A7%91%EC%82%AC%EB%8B%98%EC%9D%B4%ED%95%98%EB%8A%94-%EC%B9%B4%ED%8E%98-EsSMTOwm,,,,,0.614716978,0.644736925,0.529093503,positive
46,사장 하고 싶다,"하루 근무 6시간 반
자격증 공부를 해도 좋으니 근무 시간에 회사에 돈 안 될 일 하고 있으면 월급 까기
회식비 없애고 뿜빠이 후 기본급에 추가
공식적으론 반말 금지
회식 해도 점심만
단톡방 금지

어때",https://www.teamblind.com/kr/post/%EC%82%AC%EC%9E%A5-%ED%95%98%EA%B3%A0-%EC%8B%B6%EB%8B%A4-S6HxOhhp,,,,,0.604274343,0.627675042,0.49169207,negative
47,"투표해주라
        투표","A, B 연봉 동일
글쓴이 30대

A
기본급↑
성과급 X
자차 편도 20~30분
근무시간 일 10.5시간(점심포함)
월루, 성장가능성X

B
기본급↓(대신 수당으로 지급)
성과급 100% 이상
자차 편도 50~60분
근무시간 일 9시간(점심포함)
성장가능성O",https://www.teamblind.com/kr/post/%ED%88%AC%ED%91%9C%ED%95%B4%EC%A3%BC%EB%9D%BC-2Ldy5Ymg,,,,,0.605415027,0.563448217,0.38523486,neutral
48,법정 휴게시간 궁금한 점,"법적으로 4시간연속근무 할 때마다 30분씩 휴게시간을 줘야하고, 이를 점심시간으로 갈음해서 보통 9to6 근무 시 8시간 근무 1시간 휴식으로 적용하잖아요.

그러면 만약 9to5 근무했다면 법적으로 줘야할 최소 휴게시간을 적용하면 7시간 30분 근무 // 30분 휴식인가요??

만약 9to 5시 50분 근무를 했다면 8시간 20분 근무 // 30분 휴식인가요???


참고로 저희 회사는 정해진 점심시간이 따로 없습니다.",https://www.teamblind.com/kr/post/%EB%B2%95%EC%A0%95-%ED%9C%B4%EA%B2%8C%EC%8B%9C%EA%B0%84-%EA%B6%81%EA%B8%88%ED%95%9C-%EC%A0%90-LqwfGQJn,,,,,0.614362293,0.616731891,0.439390615,neutral
49,파타야 잘 아는 형들?,"지도에 보이는 빨간 곳 주변에 시가지가 있나요..?
5시간 정도 시간 때워야 하는데 점심먹고 마사지 받을만한!

미리 고맙습니다.
좋은 주말 보내요오~",https://www.teamblind.com/kr/post/%ED%8C%8C%ED%83%80%EC%95%BC-%EC%9E%98-%EC%95%84%EB%8A%94-%ED%98%95%EB%93%A4-6S6B1432,,,,,0.611918474,0.585121524,0.60124599,positive
50,"주40시간기준 주4일제 vs 주5일제 뭐가낫지?
        투표","점심저녁1시간은 근로시간제외

시간은 똑같이 주40시간일함

41시간이나 50시간일 x
ㅡ

주4 9시출근 ~밤9시업무종료후 퇴근(점 저 1 시간씨 차감)
매일

주5 9시출근 ~6시업무종료 퇴근",https://www.teamblind.com/kr/post/%EC%A3%BC40%EC%8B%9C%EA%B0%84%EA%B8%B0%EC%A4%80-%EC%A3%BC4%EC%9D%BC%EC%A0%9C-vs-%EC%A3%BC5%EC%9D%BC%EC%A0%9C-%EB%AD%90%EA%B0%80%EB%82%AB%EC%A7%80-w1ckXv74,,,,,0.604366569,0.616410072,0.289511929,neutral
51,형들 점심시간 무조건 1시간이야?,"예를 들어 9to3면 1시간휴계로봐?
4시간 이상 근무면 무조건 1시간휴계야??",https://www.teamblind.com/kr/post/%ED%98%95%EB%93%A4-%EC%A0%90%EC%8B%AC%EC%8B%9C%EA%B0%84-%EB%AC%B4%EC%A1%B0%EA%B1%B4-1%EC%8B%9C%EA%B0%84%EC%9D%B4%EC%95%BC-POnUxT2D,,,,,0.607732146,0.575494036,0.433028318,neutral
52,공복에 유산소 하려고 하는데,"아까 점심먹고 6시간 지나고 아직 저녁 안먹었는데
지금이 공복 상태라고 할 수 있지?",https://www.teamblind.com/kr/post/%EA%B3%B5%EB%B3%B5%EC%97%90-%EC%9C%A0%EC%82%B0%EC%86%8C-%ED%95%98%EB%A0%A4%EA%B3%A0-%ED%95%98%EB%8A%94%EB%8D%B0-ZOk13R4H,,,,,0.616544011,0.602431862,0.461524971,neutral
53,점심 저녁운동 2번 루틴 추천,"구력 4개월차 체지방 25퍼 헬린이입니다

지금은 하루 한번하는데
4분할 등/이두, 가슴/삼두, 하체/땡기는거 보충, 어깨/전완근
으로 하고 있습니다

점심에 할 땐 30분 인터벌 느낌으로 하고
저녁에 할 땐 1시간 반 휴식 푹 하면서 양치기 하는데요

점심에는 너무 짧고
저녁에는 너무 늦게 끝나서
하루 두 번씩 하려고 하는데
점심에 등/가슴/하체 빡세게 하고
저녁에 복근, 유산소, 이두/삼두/어깨
할까 하는데 어떨까요?",https://www.teamblind.com/kr/post/%EC%A0%90%EC%8B%AC-%EC%A0%80%EB%85%81%EC%9A%B4%EB%8F%99-2%EB%B2%88-%EB%A3%A8%ED%8B%B4-%EC%B6%94%EC%B2%9C-aJ00g1jM,,,,,0.601105123,0.619310381,0.499479401,neutral
54,점심시간이니 롤 한판 해야지,유미 정글 Q로 단숨에 갱킹에 궁으로 이니쉬까지 걸어줄 예정,https://www.teamblind.com/kr/post/%EC%A0%90%EC%8B%AC%EC%8B%9C%EA%B0%84%EC%9D%B4%EB%8B%88-%EB%A1%A4-%ED%95%9C%ED%8C%90-%ED%95%B4%EC%95%BC%EC%A7%80-7AnNZWrc,,,,,0.601451426,0.543564049,0.396072865,neutral
55,"7시간 근무 업무강도 상 vs 9시간 근무 업무강도 중하
        투표","7시간 근무는 업무강도 상
7시간 중에 실근무 시간 6시간 이상
항상 바쁨
화장실 다녀오는시간 빼곤 못쉼
점심시간 30분

9시간 근무는 바쁠땐 바쁜데 널널
실근무 시간 4-5시간
한가한 날은 3시간 이하
8시출근
점심시간 1시간

연봉 같으면 뭐할거 같아??",https://www.teamblind.com/kr/post/7%EC%8B%9C%EA%B0%84-%EA%B7%BC%EB%AC%B4-%EC%97%85%EB%AC%B4%EA%B0%95%EB%8F%84-%EC%83%81-vs-9%EC%8B%9C%EA%B0%84-%EA%B7%BC%EB%AC%B4-%EC%97%85%EB%AC%B4%EA%B0%95%EB%8F%84-%EC%A4%91%ED%95%98-YHse7BAM,,,,,0.601166614,0.616825766,0.666957587,negative
56,점심 쉬는시간이ㅜ너무 좋다,온전한 휴식시간,https://www.teamblind.com/kr/post/%EC%A0%90%EC%8B%AC-%EC%89%AC%EB%8A%94%EC%8B%9C%EA%B0%84%EC%9D%B4%E3%85%9C%EB%84%88%EB%AC%B4-%EC%A2%8B%EB%8B%A4-mJfHh2sL,,,,,0.719175853,0.645416842,0.533165377,neutral
57,한화 손해보험 근무 이것저것,"현직자분들!! 답해주실 수 있나요!!!!!

1. 근무시간
2. 인터넷 PC여부
3. 자유도
4. 체력단련휴가 주나요? 휴가 총 며칠??
5. 구내식당 가격
6. 아침 엘베 사람
7. 휴식 공간
8. 점심시간
9. pc 괜찮나요?
10. 재택 근무

이외 등등???

#한화손해보험",https://www.teamblind.com/kr/post/%ED%95%9C%ED%99%94-%EC%86%90%ED%95%B4%EB%B3%B4%ED%97%98-%EA%B7%BC%EB%AC%B4-%EC%9D%B4%EA%B2%83%EC%A0%80%EA%B2%83-gGjWNk5Q,,,,,0.681844619,0.628009635,0.579355262,neutral
58,법정 휴게시간 궁금한 점,"법적으로 4시간연속근무 할 때마다 30분씩 휴게시간을 줘야하고, 이를 점심시간으로 갈음해서 보통 9to6 근무 시  8시간 근무 1시간 휴식으로 적용하잖아요.  그러면 만약 9to5 근무했다면 법적으로 줘야할 최소 휴게시간을 적용하면 7시간 30분 근무 // 30분 휴식인가요??  만약 9to 5시 50분 근무를 했다면 8시간 20분 근무 // 30분 휴식인가요???   참고로 저희 회사는 정해진 점심시간이 따로 없습니다.",https://www.teamblind.com/kr/post/%EB%B2%95%EC%A0%95-%ED%9C%B4%EA%B2%8C%EC%8B%9C%EA%B0%84-%EA%B6%81%EA%B8%88%ED%95%9C-%EC%A0%90-LqwfGQJn,조회수493,좋아요좋아요,댓글3,작성시간2020.09.03.,0.614362293,0.616731891,0.439390615,neutral
59,회사 게시판에 52시간 근무 내부고발뜸ㅋㅋㅋ,79시간 근무하고 27시간 휴게 넣어서 최종 52시간 공론화 가즈아ㅏㅏㅏㅏㅏㅏ,https://www.teamblind.com/kr/post/%ED%9A%8C%EC%82%AC-%EA%B2%8C%EC%8B%9C%ED%8C%90%EC%97%90-52%EC%8B%9C%EA%B0%84-%EA%B7%BC%EB%AC%B4-%EB%82%B4%EB%B6%80%EA%B3%A0%EB%B0%9C%EB%9C%B8%E3%85%8B%E3%85%8B%E3%85%8B-xLO5sGXw,"조회수1,702",좋아요5,댓글12,작성시간2018.07.09.,0.66439168,0.577090214,0.326509252,neutral
60,갓국공 통신전자 형님들,거의 교대근무라고 들었는데  주야비휴 형태맞죠?  야간에 휴게시간있나요?,https://www.teamblind.com/kr/post/%EA%B0%93%EA%B5%AD%EA%B3%B5-%ED%86%B5%EC%8B%A0%EC%A0%84%EC%9E%90-%ED%98%95%EB%8B%98%EB%93%A4-u052mRne,조회수435,좋아요1,댓글4,작성시간2019.05.02.,0.620593984,0.630262707,0.495521339,neutral
61,숙제끝,메이플 본캐 부캐 심볼일퀘 주간보스 수로플래그 로아 본캐 부캐 카던 하누 에포나 휴게 다빼고 쿠아일 도비스 도가토 큐브 원신 나선 주간퀘 주간평판 다했다 주말엔 쉴수있다,https://www.teamblind.com/kr/post/%EC%88%99%EC%A0%9C%EB%81%9D-0F7aoCLp,조회수162,좋아요1,댓글13,작성시간02.25,0.632466334,0.562687869,0.43036058,neutral
62,당직근무 노동법 위반아니야?,9~18시 정상근무후 18~다음날9시  보상: 퇴근 뒤 하루휴무+수당6만원  원칙상 휴게시간 없이 24시간 근무  15시간 근무하는데 진짜 수당 넘모하네... 공무원ㅠㅠ,https://www.teamblind.com/kr/post/%EB%8B%B9%EC%A7%81%EA%B7%BC%EB%AC%B4-%EB%85%B8%EB%8F%99%EB%B2%95-%EC%9C%84%EB%B0%98%EC%95%84%EB%8B%88%EC%95%BC-0GR8f6r4,조회수589,좋아요좋아요,댓글18,작성시간2020.12.16.,0.625439568,0.639098266,0.467690609,negative
63,단순 계산을 해 보았다,교대패턴 주주 야야 비휴 기본 근무시간 9시간 주간 점심시간 1시간 야간 휴게시간 5시간 한 당무에  근무시간 9*4 = 36시간 점심시간 1*2 = 2시간 야간휴게 5*2 = 10시간  6일 동안 총 48시간 회사에 잡혀있다.  1주일이 주주야야비휴주 인 경우  7일 동안 총 58시간 회사에 잡혀있다.  반면 9 to 6의 경우 야근이 없다면  근무시간 8시간 점심시간 1시간  7일 동안 총 45시간 회사에 잡혀있다.  자 이래도 우리의 자랑이 워라밸인가..?,https://www.teamblind.com/kr/post/%EB%8B%A8%EC%88%9C-%EA%B3%84%EC%82%B0%EC%9D%84-%ED%95%B4-%EB%B3%B4%EC%95%98%EB%8B%A4-UAPOSpX8,"조회수1,409",좋아요2,댓글35,작성시간2019.03.04.,0.606488582,0.594274885,0.482548872,negative
64,얘들아,"브런치카페 9:00-18:00(휴게시간 1시간 포함) 퇴직금, 월차줌 연봉 협의지만 2400-2640 사이  지금은 시간 변동 있지만 주에 25시간 기본 +a 연봉 1600 퇴직금, 월차 ㅇ 직원할인  스테이? 고?",https://www.teamblind.com/kr/post/%EC%96%98%EB%93%A4%EC%95%84-FqCrpgiR,조회수299,좋아요3,댓글15,작성시간2021.03.16.,0.613844284,0.584142878,0.424349468,neutral
65,다들 출퇴근 몇시간?,일단 외식쪽이고 보통 10.5 시간 근무함 휴게 포함 출퇴근 왕복 4시간 걸리는데 진심 힘들어 죽겠는데 다들 몇시간 정도 걸림 이정도면 자취 해야하나;;,https://www.teamblind.com/kr/post/%EB%8B%A4%EB%93%A4-%EC%B6%9C%ED%87%B4%EA%B7%BC-%EB%AA%87%EC%8B%9C%EA%B0%84-KAwOF4Ai,조회수142,좋아요좋아요,댓글3,작성시간2022.03.09.,0.64060504,0.639720384,0.534921036,negative
66,"[10.17,18(토)(일)]선자령 백패킹 같이 가실 분 있으신가요?","안녕하세요.  백패킹 즐기는 30대 남자입니다.  10.17(토)-18(일) 이틀에 걸쳐서 선자령 백패킹 같이가실분 있으신가요?  10.17일(토) 점심먹고 오후 2:00까지 대관령 양떼목장 휴게소에서 집결해서 같이 등반할 예정입니다.  선자령은 강원도 대관령에 위치한 능선으로 나무없이 트여있어 주변 산세를 시원하게 볼 수 있는 경치 탁월한 곳입니다.  선자령은 양떼목장 휴게소 기준으로 약 200,300미터 정도 솓아있습니다. 휴게소에서 선자령까지는 해발고도는 200,300미터 트레킹에 약 2시반 30분 소요됩니다.  정상 등반해서",https://www.teamblind.com/kr/post/[101718%ED%86%A0%EC%9D%BC]%EC%84%A0%EC%9E%90%EB%A0%B9-%EB%B0%B1%ED%8C%A8%ED%82%B9-%EA%B0%99%EC%9D%B4-%EA%B0%80%EC%8B%A4-%EB%B6%84-%EC%9E%88%EC%9C%BC%EC%8B%A0%EA%B0%80%EC%9A%94-PVHmqaUX,조회수439,좋아요2,댓글6,작성시간2020.10.05.,0.612814464,0.574441206,0.574009909,positive
67,주식 경험 그리고 휴식...,이번 하락은 의미가 크다. 결론은 파티는 끝났다. 아마 이번 하락으로 주식장을 떠나는 사람이 많을 거라 본다. 주식판에서 10년 정도 버텼는데 잠깐 쉬어갈 것 같다. 10년 간 주식판에서 버티면서 큰 돈은 못 벌었지만(딱 10년간 2000만원으로 시작해서 10억 벌음) 환희 후에 항상 3~4년은 휴식을 갖더라. 휴식 기간을 버텨야한다. 휴식 기간을 못 버티면 항상 모두들 주식판을 떠나더라. 이럴 때일 수록 본인이 산 종목을 공부하고 합리화 시켜라. 합리화가 안 되는 종목을 샀다면 실패한 투자다. 합리화란 나쁘게 볼 수도 있지만 자기,https://www.teamblind.com/kr/post/%EC%A3%BC%EC%8B%9D-%EA%B2%BD%ED%97%98-%EA%B7%B8%EB%A6%AC%EA%B3%A0-%ED%9C%B4%EC%8B%9D-dDAPWuZ8,조회수631,좋아요6,댓글8,작성시간2022.01.28.,0.622956476,0.555313195,0.422176556,negative
68,환승 이직 vs 휴식 후 이직,"사회생활 선배님들, 제가 이직 고민이 있는데 님들은 환승 이직 해야한다고 생각해 아니면 퇴사-> 휴식 (1개월) -> 이직 해야한다고 생각해?",https://www.teamblind.com/kr/post/%ED%99%98%EC%8A%B9-%EC%9D%B4%EC%A7%81-vs-%ED%9C%B4%EC%8B%9D-%ED%9B%84-%EC%9D%B4%EC%A7%81-HWWJjmnx,조회수541,좋아요1,댓글6,작성시간2022.10.31.,0.718205541,0.588484644,0.407588333,neutral
69,퇴근후 보통 몇시간 휴식 해?,퇴근후 저녁시간 자기계발시간 외엔 몇시간 휴식시간 가져?  잠자리 들기 전까지,https://www.teamblind.com/kr/post/%ED%87%B4%EA%B7%BC%ED%9B%84-%EB%B3%B4%ED%86%B5-%EB%AA%87%EC%8B%9C%EA%B0%84-%ED%9C%B4%EC%8B%9D-%ED%95%B4-O0K28mk6,조회수42,좋아요좋아요,댓글1,작성시간03.15,0.719175853,0.645416842,0.533165377,neutral
70,초보 러너 한달 강제 휴식,ㅠㅠ 오른쪽 인대 당긴다고 글 썼던 런린이... 결국 정형외과에서 한 달 강제 휴식 당했어요🥺 운동복 새로 샀는데요ㅠ ㅠ,https://www.teamblind.com/kr/post/%EC%B4%88%EB%B3%B4-%EB%9F%AC%EB%84%88-%ED%95%9C%EB%8B%AC-%EA%B0%95%EC%A0%9C-%ED%9C%B4%EC%8B%9D-jEWMj2ub,조회수120,좋아요좋아요,댓글14,작성시간2022.03.30.,0.619516678,0.56051378,0.430438209,negative
71,"풀업 휴식시간 질문
        투표",안녕하세요  제가 평소에 턱걸이를 하면 14개 7세트로 거의 100개정도를 하는데요  근비대 목적입니다 (근비대는 8~14×5세트가 최적이라고 하는데)  키179 무게 72키로 남자  세트 사이 휴식을 5분정도 가지고 있습니다 그런데 인터넷에서 찾아보니 고중량이 아닌운동은 휴식을 조금하는게 맞다구 하더라구요?  휴식을 줄이면 최대운동량이 주는데 1 휴식 5분을 유지하고 7세트 100개가 좋을까요? 14×7  2 휴식 1~2분 유지하고 5세트 55개정도가 좋을까요? 14 13 11 9 7  *아니 마이프로틴 5kg 품절임? 왜 안팜?,https://www.teamblind.com/kr/post/%ED%92%80%EC%97%85-%ED%9C%B4%EC%8B%9D%EC%8B%9C%EA%B0%84-%EC%A7%88%EB%AC%B8-ODi6vXkE,조회수346,좋아요2,댓글12,작성시간02.23,0.633243449,0.561398531,0.254529414,neutral
72,울산 나이트 휴식시간이 따로 있다며?,회사 휴식 시간 맞춰서 집밥하러 가라고 퐁퐁이들 덕분에 오늘도 눈물이 앞을 가린다  여자 싹수는 결혼 후 1년 지켜보고 쳐내야해,https://www.teamblind.com/kr/post/%EC%9A%B8%EC%82%B0-%EB%82%98%EC%9D%B4%ED%8A%B8-%ED%9C%B4%EC%8B%9D%EC%8B%9C%EA%B0%84%EC%9D%B4-%EB%94%B0%EB%A1%9C-%EC%9E%88%EB%8B%A4%EB%A9%B0-cENuQpYG,조회수496,좋아요3,댓글7,작성시간2022.11.25.,0.63642948,0.558308096,0.564184292,negative
73,업무하면서 휴식시간 어떤주기로 가져?,50분 업무 10분휴식  1시간 업무 15분휴식 등등..,https://www.teamblind.com/kr/post/%EC%97%85%EB%AC%B4%ED%95%98%EB%A9%B4%EC%84%9C-%ED%9C%B4%EC%8B%9D%EC%8B%9C%EA%B0%84-%EC%96%B4%EB%96%A4%EC%A3%BC%EA%B8%B0%EB%A1%9C-%EA%B0%80%EC%A0%B8-bm668qFY,조회수84,좋아요1,댓글16,작성시간2022.09.16.,0.611155096,0.613481067,0.445777084,neutral
74,간호사 3교대 근무 1시간 휴식시간,병원 3교대 근무자들 8시간 근무시 1시간 휴식시간 보장 ; 총 9시간 시행하고 있는 병원 있어?  우리는 조만간 시행한다해서 맘이 편치않아,https://www.teamblind.com/kr/post/%EA%B0%84%ED%98%B8%EC%82%AC-3%EA%B5%90%EB%8C%80-%EA%B7%BC%EB%AC%B4-1%EC%8B%9C%EA%B0%84-%ED%9C%B4%EC%8B%9D%EC%8B%9C%EA%B0%84-dQx1Kpoy,조회수663,좋아요2,댓글27,작성시간2020.02.01.,0.632952767,0.588079739,0.516495762,negative
75,오늘따라 랙에서 휴식시간 만큼은 파워리프팅이네,랙이 네개나 되는데 세개는 10키로 원판끼고  하나는 뭔 팔굽혀펴기용으로 쓰면서 셋트당 휴식은 3분 이상씩이냐ㅠㅠ  30분 기다리니까 거의 동시에 끝나는게 킹받네ㅋㅋㅋㅋ,https://www.teamblind.com/kr/post/%EC%98%A4%EB%8A%98%EB%94%B0%EB%9D%BC-%EB%9E%99%EC%97%90%EC%84%9C-%ED%9C%B4%EC%8B%9D%EC%8B%9C%EA%B0%84-%EB%A7%8C%ED%81%BC%EC%9D%80-%ED%8C%8C%EC%9B%8C%EB%A6%AC%ED%94%84%ED%8C%85%EC%9D%B4%EB%84%A4-bbngcur0,조회수112,좋아요좋아요,댓글2,작성시간2022.01.19.,0.60383036,0.642853451,0.521746533,negative
76,피지컬 100 며칠동안 찍은거야??,중간중간 휴식시간 충분히 주고 찍은건가?,https://www.teamblind.com/kr/post/%ED%94%BC%EC%A7%80%EC%BB%AC-100-%EB%A9%B0%EC%B9%A0%EB%8F%99%EC%95%88-%EC%B0%8D%EC%9D%80%EA%B1%B0%EC%95%BC-KkjFirhd,조회수447,좋아요좋아요,댓글4,작성시간02.16,0.615051698,0.587150288,0.529478197,neutral
77,헬스장 매너?,무산소 기구 하나당 몇분정도 하고 있는 건 괜찮아?ㅠㅠ  나 세트당 휴식 30초 정도 가지는데 이건 앉아서 쉬어도 되?ㅠㅠ,https://www.teamblind.com/kr/post/%ED%97%AC%EC%8A%A4%EC%9E%A5-%EB%A7%A4%EB%84%88-OqaFTYML,조회수472,좋아요좋아요,댓글15,작성시간03.12,0.656983177,0.525138571,0.47197978,negative
78,휴직 했습니다,힘들고 지쳐서 지병때문에 단 회사로 가려고 휴직 했는데 속이 후련하네요. 휴직 할 여건 되시면 휴직 후 휴식 및 이직준비도 추천.,https://www.teamblind.com/kr/post/%ED%9C%B4%EC%A7%81-%ED%96%88%EC%8A%B5%EB%8B%88%EB%8B%A4-D4aENrrk,"조회수8,025",좋아요11,댓글15,작성시간2018.01.18.,0.632329844,0.585358872,0.438619844,positive
79,한전은 5조3교대 안해?,야간근무에 휴식시간 넣어서 근로시간 맞추는거야?,https://www.teamblind.com/kr/post/%ED%95%9C%EC%A0%84%EC%9D%80-5%EC%A1%B03%EA%B5%90%EB%8C%80-%EC%95%88%ED%95%B4-WrNaMMhw,"조회수2,234",좋아요1,댓글32,작성시간2019.07.29.,0.680168252,0.588457039,0.453001134,neutral
80,회계사 하길 잘 했다,간만에 휴식 중에 그런 생각이 드네,https://www.teamblind.com/kr/post/%ED%9A%8C%EA%B3%84%EC%82%AC-%ED%95%98%EA%B8%B8-%EC%9E%98-%ED%96%88%EB%8B%A4-zW4LVETZ,"조회수1,654",좋아요2,댓글49,작성시간2019.08.15.,0.830828706,0.592763743,0.355511939,neutral
81,스웨디시 좋구나..,지친 더운날의 유일한 휴식 ㅠ 힐링 제대로됨~,https://www.teamblind.com/kr/post/%EC%8A%A4%EC%9B%A8%EB%94%94%EC%8B%9C-%EC%A2%8B%EA%B5%AC%EB%82%98-zbWa17Vc,"조회수1,950",좋아요좋아요,댓글17,작성시간2019.08.03.,0.753251601,0.623686772,0.445150779,negative
82,헬스장에 쫙 붙는 운동복 좀 입지 말아주세요,세트 간 휴식하는데 눈 돌아가서 집중이 안 됩니다,https://www.teamblind.com/kr/post/%ED%97%AC%EC%8A%A4%EC%9E%A5%EC%97%90-%EC%AB%99-%EB%B6%99%EB%8A%94-%EC%9A%B4%EB%8F%99%EB%B3%B5-%EC%A2%80-%EC%9E%85%EC%A7%80-%EB%A7%90%EC%95%84%EC%A3%BC%EC%84%B8%EC%9A%94-Wt4yqfzt,조회수627,좋아요2,댓글14,작성시간2022.06.03.,0.615628863,0.614356498,0.377394316,negative
83,오운완,케틀벨스윙 1000회 20kg 30초 20회 30초 휴식 × 10 x 10round Round 간 휴식 1분,https://www.teamblind.com/kr/post/%EC%98%A4%EC%9A%B4%EC%99%84-6w3E1Qaz,조회수66,좋아요좋아요,댓글3,작성시간02.04,0.741312469,0.623817745,0.230956671,neutral
84,남자들이 생각할시간 갖자는거 여자들이 생각할 시간 갖자는거,남자- 아일단 좀 혼자 생각좀하자 휴식  여자- 헤어지기 일보직전  대부분 이거임 남자는 걍 말그대로고 여자는 속뜻이 있늠,https://www.teamblind.com/kr/post/%EB%82%A8%EC%9E%90%EB%93%A4%EC%9D%B4-%EC%83%9D%EA%B0%81%ED%95%A0%EC%8B%9C%EA%B0%84-%EA%B0%96%EC%9E%90%EB%8A%94%EA%B1%B0-%EC%97%AC%EC%9E%90%EB%93%A4%EC%9D%B4-%EC%83%9D%EA%B0%81%ED%95%A0-%EC%8B%9C%EA%B0%84-%EA%B0%96%EC%9E%90%EB%8A%94%EA%B1%B0-g41zqwZ0,"조회수2,989",좋아요6,댓글18,작성시간2020.10.30.,0.649389799,0.585428495,0.431677201,negative
85,주운완💙,금주 주 4일 + 등산 1일 + 휴식 2일 한달동안 근육 0.1 오름 🥲 근데 생각해보면 그럴만도 한 수치  #미뇽이의운동일기,https://www.teamblind.com/kr/post/%EC%A3%BC%EC%9A%B4%EC%99%84%F0%9F%92%99-UcoQnU2V,"조회수1,495",좋아요13,댓글102,작성시간2022.05.08.,0.627364133,0.62657611,0.228538093,neutral
86,"국내 여행지 골라주라
        투표",여행 목적은 맛집 탐방과 휴식  호텔 먹거리 놀거리? 다 포함해서 어디가 괜찮을까,https://www.teamblind.com/kr/post/%EA%B5%AD%EB%82%B4-%EC%97%AC%ED%96%89%EC%A7%80-%EA%B3%A8%EB%9D%BC%EC%A3%BC%EB%9D%BC-0maor1cw,조회수66,좋아요좋아요,댓글1,작성시간03.19,0.650543694,0.610960191,0.515425654,neutral
87,살이 빠지기는 했구나,휴식 심박수 내려간 거 보니까 신기하다 ㅋㅋ,https://www.teamblind.com/kr/post/%EC%82%B4%EC%9D%B4-%EB%B9%A0%EC%A7%80%EA%B8%B0%EB%8A%94-%ED%96%88%EA%B5%AC%EB%82%98-PQfbMK7G,조회수286,좋아요1,댓글2,작성시간2022.10.23.,0.648792157,0.513924311,0.420019624,neutral
88,일주일에 6일 일한다,오늘 유일한 휴식 종로와서 혼자 카페에서 책읽구 저녁에 혼자 광장시장가서 생간에 청하 한병 할겨 취하면 청계천걷고 벚꽃구경해야지,https://www.teamblind.com/kr/post/%EC%9D%BC%EC%A3%BC%EC%9D%BC%EC%97%90-6%EC%9D%BC-%EC%9D%BC%ED%95%9C%EB%8B%A4-qgicNW6S,조회수70,좋아요좋아요,댓글3,작성시간2일,0.61305546,0.585819958,0.49808634,neutral
89,내가 생각하는 근성장에 가장 좋은 분할 및 루틴,"운동시간은 하루 1시간 30분 3일 하고 하루휴식 반복   1 어깨, 등(풀다운), 하체(중량위주)  2 가슴, 등(로우), 팔  3 하체(자극위주), 부족한 부위  휴식  윗 루틴 반복 및 순서만 바꿔서 진행",https://www.teamblind.com/kr/post/%EB%82%B4%EA%B0%80-%EC%83%9D%EA%B0%81%ED%95%98%EB%8A%94-%EA%B7%BC%EC%84%B1%EC%9E%A5%EC%97%90-%EA%B0%80%EC%9E%A5-%EC%A2%8B%EC%9D%80-%EB%B6%84%ED%95%A0-%EB%B0%8F-%EB%A3%A8%ED%8B%B4-AnPYWOLq,조회수256,좋아요2,댓글11,작성시간2022.05.30.,0.658939323,0.64673187,0.299490546,neutral
90,기업 은행 발 호재,가상화폐 거래 위해 개미들 계좌계설 줄이어  기업은행 oo지점 업무 마비  임직원들 업무과로  휴식 필요해  타행 계좌개설 추진,https://www.teamblind.com/kr/post/%EA%B8%B0%EC%97%85-%EC%9D%80%ED%96%89-%EB%B0%9C-%ED%98%B8%EC%9E%AC-CoX77YVX,"조회수2,602",좋아요5,댓글4,작성시간2018.01.18.,0.804356886,0.649383587,0.385797138,neutral
91,괌 다녀오신분 ~~,괌 다녀오신 형님들  일정은 (밤 12시에 도착하여 한숨 잔뒤) 1일차- 엑티비티 2일차- 휴식 & 맛집 & 쇼핑 3일차- 휴식 & 맛집 & 쇼핑 (밤 12:30출국)  하려는데 괌 다녀오셨던 분들 어떠셨나요?? 쇼핑꿀팁좀 주세요~ 30초 남자예요,https://www.teamblind.com/kr/post/%EA%B4%8C-%EB%8B%A4%EB%85%80%EC%98%A4%EC%8B%A0%EB%B6%84-HEmfUDwC,"조회수1,554",좋아요1,댓글9,작성시간2018.05.12.,0.663832295,0.590134411,0.354299356,neutral
92,결국 감산규모가 커질 듯,휴식시간 맞춰서 선물 가격내려서 압박하는 모양새,https://www.teamblind.com/kr/post/%EA%B2%B0%EA%B5%AD-%EA%B0%90%EC%82%B0%EA%B7%9C%EB%AA%A8%EA%B0%80-%EC%BB%A4%EC%A7%88-%EB%93%AF-7v5EQ6KU,조회수626,좋아요좋아요,댓글2,작성시간2020.04.10.,0.644349756,0.610978816,0.559379562,negative
93,4조3교대하시는분들 질문,휴식시간 30분이맞나요? 1시간이맞나요?,https://www.teamblind.com/kr/post/4%EC%A1%B03%EA%B5%90%EB%8C%80%ED%95%98%EC%8B%9C%EB%8A%94%EB%B6%84%EB%93%A4-%EC%A7%88%EB%AC%B8-gWMdiQMO,조회수107,좋아요1,댓글3,작성시간2022.10.17.,0.719175853,0.645416842,0.533165377,neutral
94,4년 3개월째인에도 드라이버 OB나는데 어떻게 해야하나요?,미치겠네요.. 걍 드라이버 포기해야하나  1년반 레슨 1년반 휴식(해외출장) 6개월 레슨 6개월 휴식 3개월 레슨 중,https://www.teamblind.com/kr/post/4%EB%85%84-3%EA%B0%9C%EC%9B%94%EC%A7%B8%EC%9D%B8%EC%97%90%EB%8F%84-%EB%93%9C%EB%9D%BC%EC%9D%B4%EB%B2%84-OB%EB%82%98%EB%8A%94%EB%8D%B0-%EC%96%B4%EB%96%BB%EA%B2%8C-%ED%95%B4%EC%95%BC%ED%95%98%EB%82%98%EC%9A%94-aTNtukDX,조회수55,좋아요좋아요,댓글3,작성시간2022.01.15.,0.766105637,0.625385695,0.504291131,negative
95,"보통 수면시간이 얼마나 돼?(출근일)
        투표",교대근무자는 야간 휴식시간 기준으로,https://www.teamblind.com/kr/post/%EB%B3%B4%ED%86%B5-%EC%88%98%EB%A9%B4%EC%8B%9C%EA%B0%84%EC%9D%B4-%EC%96%BC%EB%A7%88%EB%82%98-%EB%8F%BC%EC%B6%9C%EA%B7%BC%EC%9D%BC-GoHSHU7T,조회수467,좋아요좋아요,댓글1,작성시간2020.01.29.,0.667588045,0.61279443,0.525354949,neutral
96,마 뛰구와따,씻구 휴식 힘들다 ㅠㅠ,https://www.teamblind.com/kr/post/%EB%A7%88-%EB%9B%B0%EA%B5%AC%EC%99%80%EB%94%B0-LwMxBKMo,조회수149,좋아요좋아요,댓글6,작성시간2020.10.25.,0.719827932,0.64783067,0.436357248,negative
97,세부 여행 계획 뭐가 좋을까,"남자3이 가는데 뭐가 좋을까요 ?.?  1일 비행기 출발 2일 세부 새벽도착, 오슬롭 캐녀닝, 세부복귀 3일 보홀 출발 육상 투어 4일 보홀 벌진 아일랜드 호핑 5일 세부 복귀, 리조트 휴식 6일 귀국 ---------------------- 1일) 비행기 2) 오슬롭 캐녀닝, 인근 숙박 3) 모할보알, 오슬롭 또는 모할에서 보홀로 출발 (반딧불) 4) 보홀 (호핑) 5) 보홀 육지투어, 세부 도착, 리조트 휴식 6) 귀국 ----------- 1) 비행기 2) 오슬롭, 모알보알, 세부복귀 3) 보홀 출발, 육지 투어 4) 보홀 호",https://www.teamblind.com/kr/post/%EC%84%B8%EB%B6%80-%EC%97%AC%ED%96%89-%EA%B3%84%ED%9A%8D-%EB%AD%90%EA%B0%80-%EC%A2%8B%EC%9D%84%EA%B9%8C-0pUgEwyq,"조회수1,185",좋아요1,댓글33,작성시간2019.06.25.,0.66242658,0.633190105,0.373957155,neutral
98,분할얘기가나와서 말인데,"나도 밑에 쓴이처럼 한2~3년 4분할만하다가 3년만에 분할바꿔봤다.  4분할 : 가슴 등 어깨 팔다리 2일휴식  2~3분할 : 등(횟수 바깥쪽) 어깨(사이드횟수) 휴식 가슴, 삼두 등(중량), 이두 어깨(중량), 하체 휴식  젤노잼 가슴은 주1회^^ 어때? 나름생각엄청하고 고려한순서임ㅋㅋ",https://www.teamblind.com/kr/post/%EB%B6%84%ED%95%A0%EC%96%98%EA%B8%B0%EA%B0%80%EB%82%98%EC%99%80%EC%84%9C-%EB%A7%90%EC%9D%B8%EB%8D%B0-iYOgBvbd,조회수230,좋아요좋아요,댓글6,작성시간2021.07.14.,0.61922188,0.600559143,0.183860206,neutral
99,웨이트하는 횽아들,세트간 휴식시간 몇분정도가 좋음??,https://www.teamblind.com/kr/post/%EC%9B%A8%EC%9D%B4%ED%8A%B8%ED%95%98%EB%8A%94-%ED%9A%BD%EC%95%84%EB%93%A4-hhvxChmK,조회수207,좋아요좋아요,댓글14,작성시간2019.03.12.,0.719175853,0.645416842,0.533165377,positive
100,"블라 포인트 20,000 채웠네",이제 작작 좀 써야지  휴식  ㅠ,https://www.teamblind.com/kr/post/%EB%B8%94%EB%9D%BC-%ED%8F%AC%EC%9D%B8%ED%8A%B8-20000-%EC%B1%84%EC%9B%A0%EB%84%A4-FcjzS02U,조회수140,좋아요3,댓글5,작성시간2018.11.05.,0.630329121,0.57436745,0.379605121,neutral
101,드립 찰진 분들 안계심?,"숙취로 인해 강제 휴식 중 드립 찰 진 분들 댓글로 좀 놀아줭,,",https://www.teamblind.com/kr/post/%EB%93%9C%EB%A6%BD-%EC%B0%B0%EC%A7%84-%EB%B6%84%EB%93%A4-%EC%95%88%EA%B3%84%EC%8B%AC-E7LjpA5i,조회수46,좋아요좋아요,댓글22,작성시간02.18,0.675035069,0.548581631,0.436856676,negative
102,감옥에 갇힌 고양이,감옥속 침대에 서 휴식 취하는고양이,https://www.teamblind.com/kr/post/%EA%B0%90%EC%98%A5%EC%97%90-%EA%B0%87%ED%9E%8C-%EA%B3%A0%EC%96%91%EC%9D%B4-PmsVU4yF,조회수235,좋아요5,댓글6,작성시간2020.11.07.,0.789377451,0.612240708,0.425092112,neutral
103,행운이 가득했던 캠핑,어머님 아버님 모시고 간 첫 캠핑에 너무나 또렷하게 뜬 무지개. 햄보캤던 주말 휴식^~^,https://www.teamblind.com/kr/post/%ED%96%89%EC%9A%B4%EC%9D%B4-%EA%B0%80%EB%93%9D%ED%96%88%EB%8D%98-%EC%BA%A0%ED%95%91-1QNezVh3,조회수199,좋아요12,댓글15,작성시간2022.08.01.,0.613308944,0.638725843,0.599679562,positive
104,12냥집이야,오늘 일이 너무많네 ㅜㅜ 잠시 쉬면서 냥올려ㅋㅋ 이게 휴식,https://www.teamblind.com/kr/post/12%EB%83%A5%EC%A7%91%EC%9D%B4%EC%95%BC-2ehsV6Os,조회수189,좋아요7,댓글13,작성시간2022.04.14.,0.640245626,0.622106313,0.519196997,neutral
105,의사님들 진단서=소견서인가요?,회사 질병휴직으로 서류내야하는디 의사분이 1년동안 반드시 휴식 및 꾸준한 치료받아야한다고 소견서에 작성해주셨어요,https://www.teamblind.com/kr/post/%EC%9D%98%EC%82%AC%EB%8B%98%EB%93%A4-%EC%A7%84%EB%8B%A8%EC%84%9C=%EC%86%8C%EA%B2%AC%EC%84%9C%EC%9D%B8%EA%B0%80%EC%9A%94-MyE7Cu8Q,조회수416,좋아요1,댓글4,작성시간2022.08.16.,0.696586928,0.535804326,0.364264583,neutral
106,저스틴 비버❣️,뜨또는 진짜 천재인거 같아 창문열어놓고 노래듣는데 잔잔하니 휴식 취하기 굳👍🏻,https://www.teamblind.com/kr/post/%EC%A0%80%EC%8A%A4%ED%8B%B4-%EB%B9%84%EB%B2%84%E2%9D%A3%EF%B8%8F-Jz7PzjiT,조회수448,좋아요좋아요,댓글64,작성시간2020.05.23.,0.6032008,0.453131532,0.331152203,positive
107,진짜 하루종일 정신 없었다..,하루종일 모니터 보다 집에 오니 눈 아프네 헬스는 커녕 휴식 생각뿐,https://www.teamblind.com/kr/post/%EC%A7%84%EC%A7%9C-%ED%95%98%EB%A3%A8%EC%A2%85%EC%9D%BC-%EC%A0%95%EC%8B%A0-%EC%97%86%EC%97%88%EB%8B%A4-LnG6HdxO,조회수18,좋아요1,댓글0,작성시간02.06,0.746172813,0.599341393,0.42498285,negative
108,헬린이 질문드립니다,세트사이에 휴식 취할 때 다른곳 가서 휴식 취해야하나요? 아님 그자리에 앉아있어도 되나요 ? 사람이 없다면 상관없을 텐데 기본 매너요 ㅎㅎ 쓰고 정리하는건 당연한거고...  헬스장 매너 알려주세요,https://www.teamblind.com/kr/post/%ED%97%AC%EB%A6%B0%EC%9D%B4-%EC%A7%88%EB%AC%B8%EB%93%9C%EB%A6%BD%EB%8B%88%EB%8B%A4-m4Upq0Vv,조회수235,좋아요좋아요,댓글6,작성시간2019.06.19.,0.645845796,0.634492579,0.527392474,neutral
109,9시에출근해서 20분도못쉼,휴식인원정해져있는데 계속 정해진것보다 더나가있어서 일존나쌓여서 존나쉬지도못했다 빡쳐... 지들만 힘드나 나는 정해진 휴식시간 30퍼도 못쓰고 일만하는데,https://www.teamblind.com/kr/post/9%EC%8B%9C%EC%97%90%EC%B6%9C%EA%B7%BC%ED%95%B4%EC%84%9C-20%EB%B6%84%EB%8F%84%EB%AA%BB%EC%89%BC-5xrfmyHu,조회수207,좋아요1,댓글3,작성시간2018.08.07.,0.600123015,0.556544077,0.551727839,negative
110,내일 휴가썼어요 뭐할까요?,이제 공부 업무 그만하고 휴식좀 해야겠어오 마음이 싱숭생숭하네 전시회나 볼거있나요,https://www.teamblind.com/kr/post/%EB%82%B4%EC%9D%BC-%ED%9C%B4%EA%B0%80%EC%8D%BC%EC%96%B4%EC%9A%94-%EB%AD%90%ED%95%A0%EA%B9%8C%EC%9A%94-dkZnH5af,조회수147,좋아요좋아요,댓글12,작성시간2022.08.01.,0.62220157,0.636339257,0.444027915,negative
111,진단서 잇는데 회사 며칠 안가도 되나? ㅠㅠㅠ,2 주 간 휴식 하라고ㅠ 교통사고 낫구든 ㅠ 병원은 이제 안가도 되긴 하는디 ㅠ,https://www.teamblind.com/kr/post/%EC%A7%84%EB%8B%A8%EC%84%9C-%EC%9E%87%EB%8A%94%EB%8D%B0-%ED%9A%8C%EC%82%AC-%EB%A9%B0%EC%B9%A0-%EC%95%88%EA%B0%80%EB%8F%84-%EB%90%98%EB%82%98-%E3%85%A0%E3%85%A0%E3%85%A0-Mf6L34fU,조회수274,좋아요좋아요,댓글7,작성시간2021.12.28.,0.669272171,0.606198734,0.296091891,negative
112,2차 접종일10/7일이다,월 대체공휴일 화수 정상업무 목 백신 맞으러 반차 금 백신휴가 토일월 휴식 개꿀?,https://www.teamblind.com/kr/post/2%EC%B0%A8-%EC%A0%91%EC%A2%85%EC%9D%BC107%EC%9D%BC%EC%9D%B4%EB%8B%A4-N1v4QuQn,조회수169,좋아요좋아요,댓글7,작성시간2021.08.13.,0.757250444,0.649827572,0.30706732,positive
113,잘 몰라서 그러는데 주 69시간 하면 일용직은 어떡해?,아니면 기간제 근로자나 비정규직들은?  휴식 없이 주64시간 근무한다 쳐도  해당 1주일 근로 후 퇴직시키고 재고용하던 다른 인력사무소로 가던 해서 사업주 바뀌면  다시 주 64시간으로 리셋되는거 아닌가?  잘모르겠네,https://www.teamblind.com/kr/post/%EC%9E%98-%EB%AA%B0%EB%9D%BC%EC%84%9C-%EA%B7%B8%EB%9F%AC%EB%8A%94%EB%8D%B0-%EC%A3%BC-69%EC%8B%9C%EA%B0%84-%ED%95%98%EB%A9%B4-%EC%9D%BC%EC%9A%A9%EC%A7%81%EC%9D%80-%EC%96%B4%EB%96%A1%ED%95%B4-VKvT3QCn,조회수161,좋아요2,댓글4,작성시간03.08,0.626657627,0.597717303,0.42092357,neutral
114,출근해서 오롯이 일만 하는 시간 하루에 몇시간이에요?,9시간 중 점심시간 빼고 8시간 중에서요  커피 마시고 개인 전화하고 인터넷 쇼핑 노가리 휴식 이런시간 다빼고 일만요,https://www.teamblind.com/kr/post/%EC%B6%9C%EA%B7%BC%ED%95%B4%EC%84%9C-%EC%98%A4%EB%A1%AF%EC%9D%B4-%EC%9D%BC%EB%A7%8C-%ED%95%98%EB%8A%94-%EC%8B%9C%EA%B0%84-%ED%95%98%EB%A3%A8%EC%97%90-%EB%AA%87%EC%8B%9C%EA%B0%84%EC%9D%B4%EC%97%90%EC%9A%94-6zEfCnnd,조회수392,좋아요1,댓글14,작성시간2021.08.18.,0.678557478,0.641057086,0.657747762,neutral
115,대기업 생산직 이런게 정상이야? 편법,"3조2교대 08:00~20:00 , 20:00~08:00 4근 2휴 근무중이야. 1.입사했을때 휴식시간(식사포함) 2시간 이라고 계약서에 나와있어. 하지만 2시간 쉬기는 커녕 못쉬고 일할때가 허다해.. 월급은 근무시간 10시간 분만 나와  편법이지.. 2. 08:00~20:00 , 20:00~08:00 근무시간인데 인수인계 때문에 7시30분에 출근해, 30분 일찍말야. 급여에 30분은 포함이 안돼.. 원래 이게 맞는거야? 아무도 이의제기를안해..  이번에 근로시간 단축이 적용이 안되더라구ㅋㅋ 12시간(2시간휴식아닌 휴식) 10시간만",https://www.teamblind.com/kr/post/%EB%8C%80%EA%B8%B0%EC%97%85-%EC%83%9D%EC%82%B0%EC%A7%81-%EC%9D%B4%EB%9F%B0%EA%B2%8C-%EC%A0%95%EC%83%81%EC%9D%B4%EC%95%BC-%ED%8E%B8%EB%B2%95-858u2WpN,"조회수1,432",좋아요2,댓글40,작성시간2018.03.09.,0.619441055,0.611980814,0.425578921,negative
116,대한항공승무원,"대한항공, 아시아나 승무원분들에게 질문이요~ 승무원은 직업특성상 스케줄근무시잖아요 복지나 연봉은 높게 받지만 주말에 친구결혼식이나 특별한날 팀원과 스케줄을 바꾸어 휴식이 거의 불가능하다고 들었어요 맞나요? 비교적 아시아나항공은 눈치를 안준드고 들었구요!",https://www.teamblind.com/kr/post/%EB%8C%80%ED%95%9C%ED%95%AD%EA%B3%B5%EC%8A%B9%EB%AC%B4%EC%9B%90-zCRJg37M,"조회수4,717",좋아요2,댓글23,작성시간2017.11.02.,0.637816984,0.649802238,0.492750565,negative
117,이제와서 얘기하는건데 근계서에,근로시간 8시간에 휴식시간 1시간 포함해서 보통 9시간으로 계약하자너?  근데 막상 휴게시간 미보장하고 식사시간도 따로 없이 근무한거면 이거 위반사항 아님?  나 야간근무 여태 들어가서 휴식 시간 없이 9시간 풀로 일했는데,https://www.teamblind.com/kr/post/%EC%9D%B4%EC%A0%9C%EC%99%80%EC%84%9C-%EC%96%98%EA%B8%B0%ED%95%98%EB%8A%94%EA%B1%B4%EB%8D%B0-%EA%B7%BC%EA%B3%84%EC%84%9C%EC%97%90-oQirTZam,조회수81,좋아요1,댓글0,작성시간2022.07.09.,0.660145511,0.631728314,0.558310532,negative
118,오늘 오전 시간표 평가좀..,"9:30-10:00 멍하니 잠깨면서 핸폰 10:00-10:10 청소기 돌림 요가매트소독  10:10-10-20 손닿는곳 소독 10:20:10:50 휴식 (인쇼 등)  10:50-11:10 빨래 니트 줄이기 건조대정리 11:10:12:05 휴식 니트헹구기 옷여러개 입어보기 고기재워놓기  12:06-12:30 휴식,고기 재워놓기  지금은 음악들으면서 고기 에어프라이어에 돌리는중  3시간 지났고 계속 움직였는데  무슨 결과가 없는거 같아 왜 이렇게 효율이 안나오는거 같지  평가좀 부탁",https://www.teamblind.com/kr/post/%EC%98%A4%EB%8A%98-%EC%98%A4%EC%A0%84-%EC%8B%9C%EA%B0%84%ED%91%9C-%ED%8F%89%EA%B0%80%EC%A2%80-YwdsEBi4,조회수74,좋아요좋아요,댓글5,작성시간2022.07.03.,0.619050887,0.588493642,0.446840712,negative
119,헬스장 왔어.,헬스하는 사람들  세트 간 휴식시간에 블라하고 놀자,https://www.teamblind.com/kr/post/%ED%97%AC%EC%8A%A4%EC%9E%A5-%EC%99%94%EC%96%B4-yPd0bnEG,조회수102,좋아요좋아요,댓글7,작성시간2019.10.26.,0.617409827,0.59728336,0.232167367,neutral
120,만약 화수목 중에,휴가를 하루 쓸 수 있다면 언제가 좋을까? 목적은 그냥 휴식 쉼임 ㅋㅋ 금요일은 사정상 불가ㅜㅜ,https://www.teamblind.com/kr/post/%EB%A7%8C%EC%95%BD-%ED%99%94%EC%88%98%EB%AA%A9-%EC%A4%91%EC%97%90-65hb6q5g,조회수321,좋아요좋아요,댓글19,작성시간2019.09.16.,0.703142352,0.592838411,0.401399436,negative
121,주 52시간 및 인사 처우문제,"1. 주 52시간 규정제도 만든후, 근무시간 관리    오전 오후 15분씩 강제 휴식 시간 입력 후 공제 (30분)    점심시간 1시간 반 적용 - 실제는 1시간 휴식 (30분)    저녁시간 1시간 입력하여 근무시간 공제 (1시간)  결론 : 근무시간 07:00 - 20:00 (12시간)           실제 근무 인식 시간 10시간  매일 2시간씩 무료근무 중  2. 코로나19 로 인한 자가격리   국내 휴가차 입국 후 자가격리 14일 기본급만지급 (월급 차감)   확진 시 퇴사처리  3. 사내 코로나 상황실 운영   전부 ",https://www.teamblind.com/kr/post/%EC%A3%BC-52%EC%8B%9C%EA%B0%84-%EB%B0%8F-%EC%9D%B8%EC%82%AC-%EC%B2%98%EC%9A%B0%EB%AC%B8%EC%A0%9C-W8n5BbcD,"조회수1,960",좋아요13,댓글16,작성시간2021.03.12.,0.62023424,0.617314328,0.466518511,neutral
122,장모님 모시고 갈만한,"서울에서 하루  놀러갈만한 곳 있을까?  첨에는 호캉스나 마사지샵 이런데 생각했는데  어떤게 좋을까? 테마는 힐링, 휴식이야!",https://www.teamblind.com/kr/post/%EC%9E%A5%EB%AA%A8%EB%8B%98-%EB%AA%A8%EC%8B%9C%EA%B3%A0-%EA%B0%88%EB%A7%8C%ED%95%9C-o8t7dicg,조회수612,좋아요2,댓글7,작성시간2020.07.31.,0.638576455,0.53793698,0.463719814,positive
123,업무시간엔 하기 싫은 공부가,왜 지금 휴식 중에 하고 싶은걸까 나는 청개구리인가보다🐸,https://www.teamblind.com/kr/post/%EC%97%85%EB%AC%B4%EC%8B%9C%EA%B0%84%EC%97%94-%ED%95%98%EA%B8%B0-%EC%8B%AB%EC%9D%80-%EA%B3%B5%EB%B6%80%EA%B0%80-1mMEPGSJ,조회수35,좋아요2,댓글10,작성시간2022.07.16.,0.648681667,0.609209214,0.519400206,negative
124,여행 다시 질문,"1. 10월 초  2. 부산 출도착 해외 패키지  3. 미식, 휴식 위주. 관광 별로 안 좋아함  어디가 좋을까?",https://www.teamblind.com/kr/post/%EC%97%AC%ED%96%89-%EB%8B%A4%EC%8B%9C-%EC%A7%88%EB%AC%B8-0MVs6CCa,조회수145,좋아요좋아요,댓글11,작성시간2019.03.22.,0.63395879,0.568767722,0.436444676,negative
125,금욜 퇴근!,이번주 인사는 정말 다사다난했네 ㅜㅜ  업무는 저멀리 주말은 휴식 그리고 이직 준비!!,https://www.teamblind.com/kr/post/%EA%B8%88%EC%9A%9C-%ED%87%B4%EA%B7%BC-FqD7JYJK,조회수15,좋아요1,댓글0,작성시간2022.10.28.,0.705848222,0.583241126,0.392465322,negative
126,강바람,폰으로 노래들음서  잠시 휴식  사람없는거 너무좋다 조용하니  근데 모기가 겁나 뜯는다 시부레ㅠㅠ,https://www.teamblind.com/kr/post/%EA%B0%95%EB%B0%94%EB%9E%8C-LgS74vZc,조회수216,좋아요4,댓글27,작성시간2019.09.16.,0.729328396,0.640315108,0.490470816,negative
127,진짜 너무 습하다,에어컨도 휴식 좀 취하라고 집앞 카페 나가는데 에어컨 끄고 옷 입는 고단새에 땀이 비오듯이 와😂😂😂,https://www.teamblind.com/kr/post/%EC%A7%84%EC%A7%9C-%EB%84%88%EB%AC%B4-%EC%8A%B5%ED%95%98%EB%8B%A4-EtEoaciq,조회수67,좋아요좋아요,댓글1,작성시간2022.08.07.,0.641182656,0.589563764,0.478137989,negative
128,9개월동안 수익,"1월 +80 2월 +1400 3월 +4000 4월 +180 5월 휴식 6월 +440 7월 -140 8월 +1170 9월 +66 진행중  원금 2000, 수익 7200 월평균 800수익  9개월동안 온갖 희노애락 다겪고 큰개미들형에 비하면 약소하지만 ㅠ  딴데돈쓸일없어서 마음은 풍족",https://www.teamblind.com/kr/post/9%EA%B0%9C%EC%9B%94%EB%8F%99%EC%95%88-%EC%88%98%EC%9D%B5-SyvykbK2,"조회수1,376",좋아요2,댓글28,작성시간2021.09.09.,0.667535631,0.603617612,0.421395532,negative
129,뱃살 진짜 빨리 빼야지,뱃살 있으니깐 운동에 집중하기가 힘들어 운동 빡시게 하고 나서 휴식 할 때 뱃살 땜에 무게중심 이상해서 휘청거림 그리고 뱃살 컨트롤 하는데 힘이 이상한데로감,https://www.teamblind.com/kr/post/%EB%B1%83%EC%82%B4-%EC%A7%84%EC%A7%9C-%EB%B9%A8%EB%A6%AC-%EB%B9%BC%EC%95%BC%EC%A7%80-78JsA8Tx,조회수121,좋아요1,댓글4,작성시간02.17,0.645298011,0.632048149,0.444255547,negative
130,확진 형들 봐주라,자가키트 해봣는데 희미하게 두줄나와서(위에꺼) 혹시 몰라서 한번 더 하고 기다려보는 중인데 저거 위에꺼정도로 희미한데도 pcr하면 확진 나오나? 확진 휴식 마려운데,https://www.teamblind.com/kr/post/%ED%99%95%EC%A7%84-%ED%98%95%EB%93%A4-%EB%B4%90%EC%A3%BC%EB%9D%BC-7C6J0HVx,조회수440,좋아요2,댓글10,작성시간2022.03.14.,0.657980117,0.598775046,0.461899992,neutral
131,집에 아무도 없어서..,카페로 왔어~ 가서 사람들 냄새도 맡고 스벅 원두도 맛볼겸 😉😉  아이유 노래 들으면서 휴식 취하고 집에 가야지~ 🐤🐤,https://www.teamblind.com/kr/post/%EC%A7%91%EC%97%90-%EC%95%84%EB%AC%B4%EB%8F%84-%EC%97%86%EC%96%B4%EC%84%9C-prcp2xzB,조회수340,좋아요좋아요,댓글5,작성시간2020.04.12.,0.68550233,0.633488347,0.527077989,neutral
132,(질문)퇴근 후 짧고 굵은 리프레시 방법,퇴근 후 너무 피곤하고 놀고싶고 한데 놀다보면 이직공부할 시간이 너무 없어.. 혹시 짧고 굵은 휴식 방법 없을까?,https://www.teamblind.com/kr/post/%EC%A7%88%EB%AC%B8%ED%87%B4%EA%B7%BC-%ED%9B%84-%EC%A7%A7%EA%B3%A0-%EA%B5%B5%EC%9D%80-%EB%A6%AC%ED%94%84%EB%A0%88%EC%8B%9C-%EB%B0%A9%EB%B2%95-fRJci6Ji,조회수82,좋아요좋아요,댓글2,작성시간2022.08.14.,0.603414784,0.632995277,0.515709952,negative
133,냉정하게 거짓말 안하고 하루에 오롯이 일만하는 시간 몇시간 인가요?,점심시간 제외 8시간중  커피 담배 휴식 인터넷 쇼핑 인터넷 검색 주식 개인 통화 등 다빼고  오직 일만 하는시간이요  팀장 하는 소리가 많은거 안바랍니다  하루에 6시간만 일에 집중해주세요  이러네,https://www.teamblind.com/kr/post/%EB%83%89%EC%A0%95%ED%95%98%EA%B2%8C-%EA%B1%B0%EC%A7%93%EB%A7%90-%EC%95%88%ED%95%98%EA%B3%A0-%ED%95%98%EB%A3%A8%EC%97%90-%EC%98%A4%EB%A1%AF%EC%9D%B4-%EC%9D%BC%EB%A7%8C%ED%95%98%EB%8A%94-%EC%8B%9C%EA%B0%84-%EB%AA%87%EC%8B%9C%EA%B0%84-%EC%9D%B8%EA%B0%80%EC%9A%94-J3wzp7Vu,조회수868,좋아요좋아요,댓글13,작성시간2020.12.16.,0.650706042,0.603333199,0.614927557,negative
134,공무원 군인 형들 연봉이야기할때 야근 초근수당은 빼고 이야기하자.,"그거 포함 연봉이면,  저녁에 대리뛰는것도 인정해줘야돼.  (소방, 경찰 3교대는 그만한 휴식주니까 제외)  주5일 하루 8시간기준으로 연봉 털자  ㅡㅡㅡㅡㅡㅡㅡㅡㅡ  하루 9시간(점심1시간) + 5시간 초과(저녁1시간 삭감)  총 14시간일하면서 8시간 칼퇴 연봉 이긴다하면  좀 그렇지 않나  ㅡㅡㅡㅡㅡㅡㅡ  요즘 가라초과 왠만한 곳은 못찍음.   ㅡㅡㅡㅡㅡㅡㅡ  마라톤으로 치면  8시간동안 300키로 뛴애한테  14시간동안 300키로 뛴애가 너랑 나랑 같다라고 하는게  안맞는거 같아서.",https://www.teamblind.com/kr/post/%EA%B3%B5%EB%AC%B4%EC%9B%90-%EA%B5%B0%EC%9D%B8-%ED%98%95%EB%93%A4-%EC%97%B0%EB%B4%89%EC%9D%B4%EC%95%BC%EA%B8%B0%ED%95%A0%EB%95%8C-%EC%95%BC%EA%B7%BC-%EC%B4%88%EA%B7%BC%EC%88%98%EB%8B%B9%EC%9D%80-%EB%B9%BC%EA%B3%A0-%EC%9D%B4%EC%95%BC%EA%B8%B0%ED%95%98%EC%9E%90-its5k2UO,"조회수1,484",좋아요5,댓글51,작성시간2022.10.17.,0.604895732,0.626317195,0.377567111,negative
135,"업무강도 10 연봉 10 vs 업무강도 2 연봉 5
        투표",뭐가 나아??  예를 들면 전자는 연봉 1억이지만  하루 실 근무시간 10시간.. 밥이랑 휴식시간 포함하면 12시간 이상 일해야함  후자는 하루 실근무시간 2시간 이하  연봉 5천... 정도??  대충 이러면 뭐할거야??,https://www.teamblind.com/kr/post/%EC%97%85%EB%AC%B4%EA%B0%95%EB%8F%84-10-%EC%97%B0%EB%B4%89-10-vs-%EC%97%85%EB%AC%B4%EA%B0%95%EB%8F%84-2-%EC%97%B0%EB%B4%89-5-Gnkx6foh,조회수166,좋아요좋아요,댓글14,작성시간2022.11.25.,0.642388899,0.614634345,0.398197158,negative
136,"주 5일 350vs 주 6일 450(세후)
        투표","일 9시간 근무 똑같음 1시간 휴식 지금 전자 솔로 미혼임 토,일 노는중 주 6일 전환 선택권이 있는 상황(토요일 근무) 선택시 최소 6개월 이내 변경 불가 주6일 근무 해본적 없음 업무강도 중 워라벨 상 근무시간 아침9시30-오후6시30",https://www.teamblind.com/kr/post/%EC%A3%BC-5%EC%9D%BC-350vs-%EC%A3%BC-6%EC%9D%BC-450%EC%84%B8%ED%9B%84-oMfH8ECJ,"조회수1,592",좋아요좋아요,댓글16,작성시간2020.07.15.,0.686380246,0.603398242,0.36799764,neutral
137,토요일 쉴래요 VS 월100 더 버실래요?,본 직장 외에 토요일 일하는 조건으로 월 100정도 수입 더 생길 수 있는데  시간 가성비로는 당연히 월100이 높긴하지만  주말 이틀 중 하루를 헌납하는 것에 대한 휴식 기회비용 자기계발을 통한 업그레이드 시간 반납 등이 있겠는데  매달 100씩 ETF 주식 추가 매수 가능은 하겠군요  고민되시겠어요 다들?,https://www.teamblind.com/kr/post/%ED%86%A0%EC%9A%94%EC%9D%BC-%EC%89%B4%EB%9E%98%EC%9A%94-VS-%EC%9B%94100-%EB%8D%94-%EB%B2%84%EC%8B%A4%EB%9E%98%EC%9A%94-dgUUW2Pg,"조회수1,626",좋아요4,댓글30,작성시간2021.10.09.,0.661339411,0.586620922,0.557891629,neutral
138,남자 혼자 2박3일 해외여행 어디가 좋을까?,"내년 봄에 리프레쉬 겸 다녀오려해.  배낭여행, 관광, 먹방, 휴식 정도의 태마야.  일본 오사카는 가봤어.  비행시간은 6시간 이내였음 좋겠어.  혼자 해외여행 다녀온 횽들. 여행지 추천해줘!",https://www.teamblind.com/kr/post/%EB%82%A8%EC%9E%90-%ED%98%BC%EC%9E%90-2%EB%B0%953%EC%9D%BC-%ED%95%B4%EC%99%B8%EC%97%AC%ED%96%89-%EC%96%B4%EB%94%94%EA%B0%80-%EC%A2%8B%EC%9D%84%EA%B9%8C-Te8tPOnr,조회수991,좋아요좋아요,댓글28,작성시간2017.11.15.,0.729903726,0.643702473,0.470734207,neutral
139,한화 손해보험 근무 이것저것,현직자분들!! 답해주실 수 있나요!!!!!  1. 근무시간 2. 인터넷 PC여부 3. 자유도 4. 체력단련휴가 주나요? 휴가 총 며칠?? 5. 구내식당 가격 6. 아침 엘베 사람 7. 휴식 공간 8. 점심시간 9. pc 괜찮나요? 10. 재택 근무  이외 등등???  #한화손해보험,https://www.teamblind.com/kr/post/%ED%95%9C%ED%99%94-%EC%86%90%ED%95%B4%EB%B3%B4%ED%97%98-%EA%B7%BC%EB%AC%B4-%EC%9D%B4%EA%B2%83%EC%A0%80%EA%B2%83-gGjWNk5Q,조회수495,좋아요3,댓글0,작성시간2021.11.22.,0.681844619,0.628009635,0.579355262,neutral
140,월요일은 무분할이지!!,"확실히 적으면서 하니까 잘 되긴 함.  이거 예전에 돌릴때는 거의 두시간 잡았는데, 휴식 타이머까지 딱딱 잡아서 하니까 한시간 15분만에 끝남.  물론 쉬는 시간 짧으니 겁나 힘들었다는건 제외하고..",https://www.teamblind.com/kr/post/%EC%9B%94%EC%9A%94%EC%9D%BC%EC%9D%80-%EB%AC%B4%EB%B6%84%ED%95%A0%EC%9D%B4%EC%A7%80-3utGdKqf,조회수244,좋아요2,댓글3,작성시간2020.10.20.,0.622193378,0.611982406,0.554762462,negative
141,스케줄 교대 근무하는 사람 만나본 사람 어때?,난 평일 퇴근하고는 운동 유튜브 휴식 독서 등 내 시간 보내는거 좋아하고  주말에 만나서 데이트 하는거 좋아하는 성향인데  스케쥴 교대 근무하는 사람 만나면 잘 안맞겠지..?,https://www.teamblind.com/kr/post/%EC%8A%A4%EC%BC%80%EC%A4%84-%EA%B5%90%EB%8C%80-%EA%B7%BC%EB%AC%B4%ED%95%98%EB%8A%94-%EC%82%AC%EB%9E%8C-%EB%A7%8C%EB%82%98%EB%B3%B8-%EC%82%AC%EB%9E%8C-%EC%96%B4%EB%95%8C-aXk6rRtB,조회수723,좋아요1,댓글13,작성시간2020.08.28.,0.601339368,0.628504218,0.50076606,negative
142,직주근접 vs 서울근접,"가격은 비슷한거 같아.  매매라면 후자겠지만 전세라서 오직 거주기간의 행복만을 고려한다면?  전자는 차타고 직장까지 13분 이내, 서울까지 는 차타고 1시간 정도. 집에서 휴식 많이 하긴 하지만 모임 가거나 하는거도 좋아해. 후자는 출퇴근시간에 직장까지 1시간. 강남이나 종로가는데 30분 이내...  다들 근데 통근시간 어느정도야?",https://www.teamblind.com/kr/post/%EC%A7%81%EC%A3%BC%EA%B7%BC%EC%A0%91-vs-%EC%84%9C%EC%9A%B8%EA%B7%BC%EC%A0%91-moTAfmzw,조회수659,좋아요좋아요,댓글9,작성시간2020.09.16.,0.707101626,0.635310324,0.47607067,neutral
143,4세트 12회까지 할 수 있는 무게에 대한 의문점,"4세트 12회까지 할 수 있는 무게로 하라는데.. 그럼 1,2 세트 시에는 자극이 별로 안올거 같아서요... 아니면 세트당 휴식 시간을 길게(2~3분?)잡고 하라는걸까요?  2분할 운동에 대해 알아보니 각 부위별 세트수가 8세트를 넘지 않던데 근비대를 위한 충분한 자극이 될지 모르겠습니다",https://www.teamblind.com/kr/post/4%EC%84%B8%ED%8A%B8-12%ED%9A%8C%EA%B9%8C%EC%A7%80-%ED%95%A0-%EC%88%98-%EC%9E%88%EB%8A%94-%EB%AC%B4%EA%B2%8C%EC%97%90-%EB%8C%80%ED%95%9C-%EC%9D%98%EB%AC%B8%EC%A0%90-baaa0mLV,조회수957,좋아요2,댓글33,작성시간2022.04.27.,0.634082329,0.475347213,0.358670557,positive
144,블라인들만큼만살아도 상위6%정도될듯,소득뿐만아니라  여가생활 취미생활 휴식시간 여행과 맛집탐방  관계의풍부성 연애중인거  부모님조력등 다생각하면 전국민이 블라인정도만되도 우리나라에  누가봐도 불쌍하게 보이는사람은 없을것같아,https://www.teamblind.com/kr/post/%EB%B8%94%EB%9D%BC%EC%9D%B8%EB%93%A4%EB%A7%8C%ED%81%BC%EB%A7%8C%EC%82%B4%EC%95%84%EB%8F%84-%EC%83%81%EC%9C%846%EC%A0%95%EB%8F%84%EB%90%A0%EB%93%AF-XReKK0z6,조회수159,좋아요좋아요,댓글6,작성시간2022.05.17.,0.719175853,0.645416842,0.533165377,negative
145,어린이집에 보내고 난 뒤,1. 집에와서 청소 싹하기 2. 밥짓기 3. 밥 되는 동안 이번주 이유식 야채 손질하기 4. 남은 야채로 어른 반찬 만들기 5. 아기꺼 설거지 6. 어른껀 식세기로 7. 쓰레기 및 음쓰 버리기 8. 드디어 휴식 1시간.. 9. 아들 픽업  신랑은 어린이집가면 쉬라는데 그렇게 못하게써  담달 복직전까지만이라도 열시미!!!,https://www.teamblind.com/kr/post/%EC%96%B4%EB%A6%B0%EC%9D%B4%EC%A7%91%EC%97%90-%EB%B3%B4%EB%82%B4%EA%B3%A0-%EB%82%9C-%EB%92%A4-fy0Bd1q3,조회수866,좋아요8,댓글21,작성시간2021.12.20.,0.618794943,0.63817376,0.515388938,neutral
146,금일 운동,백스쾃 70kg 3x12  데드 100kg 1x10  인클벤치 70kg 3x10  턱걸이 3x10  펙덱플라이 40kg 3x10  시티드 머신 로우 50kg 3x10  행잉레그레이즈 토투바 3x8  세트별 휴식시간 2분  Slow and steady wins the race!,https://www.teamblind.com/kr/post/%EA%B8%88%EC%9D%BC-%EC%9A%B4%EB%8F%99-SemyTYmk,조회수485,좋아요1,댓글23,작성시간2018.06.19.,0.667180114,0.639966054,0.386306498,neutral
147,흔한 중소기업,홍보팀 세후 200 상여금 매출 좋으면 주고 아님 없음 명절 선물 없음 휴식 공간 없음 생일축하금 있음 교통비 지원 식비 지원 일주일에 실질 근무시간 3시간 남짓 바쁘면 걍 눈코뜰새 없을때 가ㅏㅏㅏ끔  나머지 시간에는 개인공부 하거나 잠 스위치 영화 블라인드 출퇴근 왕복 40분 칼 출근 칼 퇴근 야근 없음 법정 휴가 15일 사정 있으면 대충 보고 후 조기퇴근 무한리필 생맥주 / 병맥주 복장 자유 날 좋고 꽃 피면 호수공원 가서 놀다오라함 가끔 주말농장에서 따온 채소 나눠줌  ㅍㅌㅊ?,https://www.teamblind.com/kr/post/%ED%9D%94%ED%95%9C-%EC%A4%91%EC%86%8C%EA%B8%B0%EC%97%85-1dDJWgwe,조회수394,좋아요좋아요,댓글17,작성시간2022.05.30.,0.609108304,0.618403228,0.479600066,negative
148,국내 2박3일 여행지 추천좀요,"8월 15일부터 2박 3일 남친이랑 여행가려고 하는데 국내 여행지 추천좀 부탁드립니다 :)  출발지는 서울이고 차로 이동하려하는데 서울에서 2-3시간 거리, 멀지 않으면서 여행하기 괜찮은 곳 있을까요???  1. 사람많이 없는곳- 차이동용이 2. 휴식 3. 바다 혹은 산 ",https://www.teamblind.com/kr/post/%EA%B5%AD%EB%82%B4-2%EB%B0%953%EC%9D%BC-%EC%97%AC%ED%96%89%EC%A7%80-%EC%B6%94%EC%B2%9C%EC%A2%80%EC%9A%94-Es63TnBb,조회수344,좋아요좋아요,댓글19,작성시간2019.08.08.,0.617381501,0.532451519,0.439095233,negative
149,반복되는 일상속에 시간은 빨리가,"그 속에서의 즐거움이 쉽게 오지 않는다  그럼에도 시간은 마구 흐른다  일, 운동, 공부  그외의 충분한 취미생활, 휴식  등을 하는데 매일이 비슷하게 느껴지고  루틴대로 생활하니 시간은 빠르게 가는데 그속에서 몰두할만한 기쁨? 즐거움?이 없어  어디서 즐거움을 찾나",https://www.teamblind.com/kr/post/%EB%B0%98%EB%B3%B5%EB%90%98%EB%8A%94-%EC%9D%BC%EC%83%81%EC%86%8D%EC%97%90-%EC%8B%9C%EA%B0%84%EC%9D%80-%EB%B9%A8%EB%A6%AC%EA%B0%80-JWNxFDX4,조회수26,좋아요좋아요,댓글1,작성시간2022.08.03.,0.617258751,0.589328446,0.483921633,negative
150,다음주 추석연휴 딱히 일정 없는 분들 다이어트 꿀팁(똥글주의),완전군장 무게의 짐을 매고 시속 5km 한 시간 걷고 5분 휴식 1세트 × 4번. 그 후 30분간 휴식하며 식사.   4번의 5분 휴식과 1번의 식사를 포함한 행군을 잠 안자고 5번 반복하면 제 경험상 4kg(76☞72kg) 빠집니다.   새벽 6시에 출발하시면 다음날 아침에 도착.  하루 주무시고(주무시느라 식사고 뭐고 안해서 살 또 빠집니다.) 하루 주무시느라 거의 시간 다 보내고 눈 뜨면 이미 밤. 간단하게 죽이나 라면 하나 드시고 다음날을 맞이하세요.   하루동안 몸에 이상있는 곳 확인하시면서 쉬다가 이상없으면 그 다음날 한,https://www.teamblind.com/kr/post/%EB%8B%A4%EC%9D%8C%EC%A3%BC-%EC%B6%94%EC%84%9D%EC%97%B0%ED%9C%B4-%EB%94%B1%ED%9E%88-%EC%9D%BC%EC%A0%95-%EC%97%86%EB%8A%94-%EB%B6%84%EB%93%A4-%EB%8B%A4%EC%9D%B4%EC%96%B4%ED%8A%B8-%EA%BF%80%ED%8C%81%EB%98%A5%EA%B8%80%EC%A3%BC%EC%9D%98-3itdjuuG,조회수558,좋아요1,댓글7,작성시간2017.09.25.,0.620791807,0.645026257,0.558081994,negative
151,이런 회사 대기업이라고 할수있나?,"3조2교대 08:00~20:00 , 20:00~08:00 4근 2휴 근무중이야. 1.입사했을때 휴식시간(식사포함) 2시간 이라고 계약서에 나와있어. 하지만 2시간 쉬기는 커녕 못쉬고 일할때가 허다해.. 하지만 그 누구하나도 불평을안해.. 딱 2시간만 업무와는 분리되어 쉬고싶은게 간절해. 2. 08:00~20:00 , 20:00~08:00 근무시간인데 인수인계를 때문에 7시30분에 출근해, 30분 일찍말야. 급여에 30분은 포함이 안돼.. 그런데도 군말없이 일한다는거야.  노예같은 이런회사 빨리 나가는게 답이겠지..  그냥 답답해서 ",https://www.teamblind.com/kr/post/%EC%9D%B4%EB%9F%B0-%ED%9A%8C%EC%82%AC-%EB%8C%80%EA%B8%B0%EC%97%85%EC%9D%B4%EB%9D%BC%EA%B3%A0-%ED%95%A0%EC%88%98%EC%9E%88%EB%82%98-u2CrJQy3,"조회수1,531",좋아요5,댓글51,작성시간2018.02.04.,0.605797905,0.603964833,0.479712093,negative
152,선택장애.. 호텔좀 골라줘,멤버십 유지 사유로 이번주 평일중 1박 해야되는데 선택권이 별로 없어.  1. 홀리데이인 익스프레스 홍대 (6.3만원) + 주차비 (2.4만원) + 기름값 (약 1만원 추정) = 총 9.7만원  숙박 후 홍대에서 삼성역까지 한시간 운전해서 출근해야함...  2. 인터컨티넨탈 코엑스 (17.3만원) + 주차비 (1.3만원) = 총 18.6만원 숙박 후 운전 1분거리로 출근함. 체크아웃 4시라서 점심시간에 잠깐 방으로 들어와서 휴식 가능.,https://www.teamblind.com/kr/post/%EC%84%A0%ED%83%9D%EC%9E%A5%EC%95%A0-%ED%98%B8%ED%85%94%EC%A2%80-%EA%B3%A8%EB%9D%BC%EC%A4%98-kdTztyDf,조회수325,좋아요좋아요,댓글8,작성시간2020.10.04.,0.6030427,0.638193959,0.338378676,neutral
153,"이직 고민 의견 좀
        투표","1. 현직장(8개월 째 근무중)    단과 병원(총 병상수 약 40개),     3교대 나이트 6개 off 9개 이상,     나이트 때 이벤트 없으면 2시간 휴식    신청 오프 백프로 반영    월 급여 280-300 (타병원 경력 2년 인정, 호봉제)    상여금 연 40만원  2. 이직하고픈 곳    주5일 주말 공휴일 휴무(9to6)    사무직, 출장업무(학교 교육 등), 국가 사업 진행    호봉제 초과수당 있음    월 급여 180-190(타 기관 경력인정 안됨)    상여금 120%",https://www.teamblind.com/kr/post/%EC%9D%B4%EC%A7%81-%EA%B3%A0%EB%AF%BC-%EC%9D%98%EA%B2%AC-%EC%A2%80-abCpE4nQ,조회수406,좋아요좋아요,댓글13,작성시간2021.01.19.,0.654058292,0.582102253,0.420090384,neutral
154,"하나 골라줘
        투표",방콕갈 예정인데 공항에서 바로 3시간 짜리 버스타고 이동해야해..!  대한항공타면 호텔근처 오만원짜리 호텔(무료셔틀있음)에서쉬다가 아침먹고(조식도 줌ㅋ) 공항가서 이동할거고..!  목적지 가서 짐 맡기고 시내에서 좀 시간 보내야 체크인 가능해  타이항공은 12시쯤 방콕 떨어져서 바로 이동하면 체크인시간이라 바로 휴식 가능..!  티켓은 5만원~7만원 차이나고....  대한항공이 더 비쌈! 두명에서 갈거얌  원래 무조건 오전비행기 선호해서 아묻따 타이항공이었는데...이번여정은 대한항공이 나은거 같기도 하고...,https://www.teamblind.com/kr/post/%ED%95%98%EB%82%98-%EA%B3%A8%EB%9D%BC%EC%A4%98-DhygqxOc,조회수188,좋아요좋아요,댓글0,작성시간2019.04.19.,0.608312854,0.643200218,0.583291613,negative
155,헬스가면 운동시간이 너무 길어서 고민,"지금 피티 한달차 헬린이인데요, 헬스가면 제가 오늘 해야할 운동, 수업, 복습 스트레칭  이렇게 다하면 너무 오래걸려요 3-4시간 정도?  예를들어 월요일 사이클 15-20분 스쿼트 5세트 레그프레스 5세트 브이스쿼트 5세트 이너싸이 5세트  수업 등(1시간) 렛풀다운 5세트 풀다운 4세트 데드리프트 4세트  스트레칭  이렇게 하니까 4시간 걸리더라구요ㅠㅠ  남들은 1시간반? 이렇게 운동한다는데  왜이렇게 오래걸릴까요?? 중간중간 휴식 시간이 긴걸까요??  어제는 스쿼트, 런지, 이너싸이 렛풀다운 풀다운 데드리프트 체스트프레스, 인",https://www.teamblind.com/kr/post/%ED%97%AC%EC%8A%A4%EA%B0%80%EB%A9%B4-%EC%9A%B4%EB%8F%99%EC%8B%9C%EA%B0%84%EC%9D%B4-%EB%84%88%EB%AC%B4-%EA%B8%B8%EC%96%B4%EC%84%9C-%EA%B3%A0%EB%AF%BC-k22xYp7k,조회수355,좋아요좋아요,댓글22,작성시간2022.04.27.,0.61223728,0.639514401,0.444958837,negative
156,멸치 운동 시작 푸쉬업 스쿼트 횟수 조언 부탁드립니다.,178 63 완전 멸치 취업하고 아랫뱃살만 계속 나와서 이렇게 살면 안되겠다 싶어 맨몸운동 시작하려는데 푸쉬업 스쿼트 횟수 어떻게 설정해야할지 조언 부탁드립니다. 오늘 푸쉬업10개 스쿼트 10개 밴드쓰고풀업5개 휴식 으로 3세트 했습니다. 끝날때쯤 죽을 것 같은데 한 1시간 뒤에는 말짱해서 어느 정도로 하는게 좋을지 감을 못잡겠어요,https://www.teamblind.com/kr/post/%EB%A9%B8%EC%B9%98-%EC%9A%B4%EB%8F%99-%EC%8B%9C%EC%9E%91-%ED%91%B8%EC%89%AC%EC%97%85-%EC%8A%A4%EC%BF%BC%ED%8A%B8-%ED%9A%9F%EC%88%98-%EC%A1%B0%EC%96%B8-%EB%B6%80%ED%83%81%EB%93%9C%EB%A6%BD%EB%8B%88%EB%8B%A4-qYtnbqkK,조회수135,좋아요좋아요,댓글6,작성시간2022.09.25.,0.620890945,0.604224027,0.393128575,negative
157,쫓는 토끼 너무 많아서 제자리만 맴도는 상황,"어찌 타개하면 좋을까  평일에는 주 5회 스피치연습 (장애있음 그나마의 일상생활 영위를 위해 필수) 주 2회 운동 주 1회 석사 준비 주 1회 개인 작업  여기다가 주말에 석사 준비 6시간, 개인 작업 6시간은 추가해야 각각 뭐라도 결실이 나올 것 같은데  근데  주말에는 청소 빨래 방정리 등 쌓인 집안일하고 그래도 친구 한번이라도 만나고 평일에 못본 바깥일들 보고 그러고 나면 남는 시간이 거의 없어  어쨌든 나도 사람인데 24/7 달릴 순 없으니 휴식시간도 조금은 있어야하고 그나마 미련없는 밥시간을 종종 빼버리는데 택도 없어  커",https://www.teamblind.com/kr/post/%EC%AB%93%EB%8A%94-%ED%86%A0%EB%81%BC-%EB%84%88%EB%AC%B4-%EB%A7%8E%EC%95%84%EC%84%9C-%EC%A0%9C%EC%9E%90%EB%A6%AC%EB%A7%8C-%EB%A7%B4%EB%8F%84%EB%8A%94-%EC%83%81%ED%99%A9-iQsXX5qj,조회수117,좋아요좋아요,댓글1,작성시간2022.08.09.,0.60036357,0.589138118,0.386247837,negative
158,점심 저녁운동 2번 루틴 추천,"구력 4개월차 체지방 25퍼 헬린이입니다  지금은 하루 한번하는데 4분할 등/이두, 가슴/삼두, 하체/땡기는거 보충, 어깨/전완근 으로 하고 있습니다  점심에 할 땐 30분 인터벌 느낌으로 하고 저녁에 할 땐 1시간 반 휴식 푹 하면서 양치기 하는데요  점심에는 너무 짧고 저녁에는 너무 늦게 끝나서 하루 두 번씩 하려고 하는데 점심에 등/가슴/하체 빡세게 하고 저녁에 복근, 유산소, 이두/삼두/어깨 할까 하는데 어떨까요?",https://www.teamblind.com/kr/post/%EC%A0%90%EC%8B%AC-%EC%A0%80%EB%85%81%EC%9A%B4%EB%8F%99-2%EB%B2%88-%EB%A3%A8%ED%8B%B4-%EC%B6%94%EC%B2%9C-aJ00g1jM,조회수84,좋아요좋아요,댓글2,작성시간2022.08.05.,0.601105123,0.619310381,0.499479401,neutral
159,대형면허 있으신분 있나요?,은퇴 후에 무얼 할 수 있을까 생각하다가 버스운전이 생각이 나던데 주변에 하시는 분 있으신가요?  보통은 마을버스에서 경력 쌓고 시내버스로 가거나 처음부터 고속버스 회사 운수사원으로 입사하는거 같던데.  은퇴 후 소일거리로 하기에 괜찮은거 같은데. 고속버스는 하루 서울-목적지 2시간 휴식 후 다시 태우고 돌아오기. 이 정도로 2일 근무 1일 쉰다는거 같고.  지금부터 대형면허 준비해보면 어떨까요? 어렵나요? 면허 따서 교회버스 운전도 하면 좋을거 같고요.  면허는 1종보통 수동으로 땄고.. 네. 그게 다입니다.,https://www.teamblind.com/kr/post/%EB%8C%80%ED%98%95%EB%A9%B4%ED%97%88-%EC%9E%88%EC%9C%BC%EC%8B%A0%EB%B6%84-%EC%9E%88%EB%82%98%EC%9A%94-hewdi0VH,조회수765,좋아요좋아요,댓글14,작성시간2018.07.02.,0.61004476,0.560340506,0.458828052,negative
160,근무중 개인시간에 다들 뭐하시나요?,"근무중 개인시간(점심시간 등) 중에 다들 어떻게 시간을 보내시나요?  저는 교대근무다 보니 이틀 근무 이틀 휴무인데요  저녁 식사 이후에는 개인 휴식 시간 인데도 여기 사람들이 다같이 모여 커피한잔 놓고 수다떠는 분위기라 참 곤란합니다 저는 별로 친하게 지내고 싶은 생각도 없고 -> 친해져봐야 쉬는날 술먹자는것도 싫고 사적인 질문 부담스러움, 찍힌다고 업무량 늘어나지도 않고 잘보인다고 진급에도 큰 영향 없음  혼자 책을 읽거나 운동을 하는걸 좋아해서 그냥 눈치 안보고 제가 하고싶은 일 하는중인데 저 빼고 다른분들은 매일 2~3시",https://www.teamblind.com/kr/post/%EA%B7%BC%EB%AC%B4%EC%A4%91-%EA%B0%9C%EC%9D%B8%EC%8B%9C%EA%B0%84%EC%97%90-%EB%8B%A4%EB%93%A4-%EB%AD%90%ED%95%98%EC%8B%9C%EB%82%98%EC%9A%94-8yYbjrbF,조회수341,좋아요1,댓글8,작성시간2022.05.30.,0.605062575,0.596177974,0.521671985,negative
161,투잡? 할 수 있으면 해봐. 되는가 ㅎ,"본인은 이제 37살 되는 아재임. 주4일 회사 다니면서 금,  토, 일 시간 버리는게 아까워 저녁 5시부터 10시까지 5시간씩 주 3일 고깃집에서 주말 알바함. 알바로 땡기는 돈은 월 80정도임. 참고.  1. 마땅한 일자리가 없다. 회사에서 암만 날고 기어도 결국 퇴근 후에 할 수 있는건  딸배, 대리, 식당서빙이 전부다. 식당알바, 거기도 30대 나이 가지고 덤비기에 그리 호락호락하지만은 않다. 일 주는 곳 입장에서도 이왕이면 활달하고 부리기 편하고 체력 좋은 20대가 편하다.  2. 나이는 결국 현실에 직면한다. 크게 심리적인",https://www.teamblind.com/kr/post/%ED%88%AC%EC%9E%A1-%ED%95%A0-%EC%88%98-%EC%9E%88%EC%9C%BC%EB%A9%B4-%ED%95%B4%EB%B4%90-%EB%90%98%EB%8A%94%EA%B0%80-%E3%85%8E-c6X5QXra,조회수757,좋아요9,댓글15,작성시간01.02,0.629977646,0.612581,0.525784876,negative
162,"Viva, Cuba Libre!","오늘의 칵테일 쿠바 리브레!  쿠바 리브레는 스페인식발음이구요 쿠바 리버는 영어발음입니다😛  레시피  럼30 라임주스10 콜라적당량  1900년대 초, 당시 스페인의 식민지였던 쿠바는 독립을 위한 전쟁을 시작했습니다. 이에 미국이 지원을 했는데요. 그때의 독립 구호가 ""Viva, Cuba Libre!(자유로운 쿠바 만세!)""였습니다. 이 말은 건배할 때 외치는 말로도 썼다네요😃그러던 어느 날 쿠바 지원을 위해 쿠바의 하바나에 머물던 미국 군인들이 휴식 시간에 한 바에 모였다 합니다. 그때 한 소위가 바카디 골드 럼과 코카 콜라,",https://www.teamblind.com/kr/post/Viva-Cuba-Libre-LDsvosHA,조회수239,좋아요4,댓글3,작성시간2018.08.10.,0.616136504,0.540426204,0.394693769,neutral
